Date,Close,Volume
2007-04-13,803.25,19108425
2007-04-16,963.9000244140625,5358978
2007-04-17,904.75,12972741
2007-04-18,886.4500122070312,6123620
2007-04-19,872.7000122070312,2838417
2007-04-20,882.7999877929688,1671727
2007-04-23,868.3499755859375,976743
2007-04-24,843.6500244140625,613113
2007-04-25,866.2000122070312,1520037
2007-04-26,845.3499755859375,691565
2007-04-27,813.5999755859375,455643
2007-04-30,821.5499877929688,973137
2007-05-03,829.75,390112
2007-05-04,818.0499877929688,256910
2007-05-07,962.0999755859375,6075076
2007-05-08,897.0,4336644
2007-05-09,926.4500122070312,3461205
2007-05-10,915.7000122070312,1442265
2007-05-11,900.6500244140625,1141682
2007-05-14,938.0999755859375,1749651
2007-05-15,926.6500244140625,801739
2007-05-16,926.0999755859375,536554
2007-05-17,940.25,1800550
2007-05-18,919.8499755859375,439007
2007-05-21,918.5,329379
2007-05-22,945.8499755859375,814550
2007-05-23,931.3499755859375,1630184
2007-05-24,944.9500122070312,1479795
2007-05-25,937.2999877929688,648097
2007-05-28,930.3499755859375,498404
2007-05-29,923.9500122070312,322321
2007-05-30,900.0999755859375,263793
2007-05-31,909.9000244140625,189616
2007-06-01,907.4500122070312,397334
2007-06-04,901.8499755859375,327728
2007-06-05,884.2999877929688,266567
2007-06-06,866.6500244140625,195443
2007-06-07,847.6500244140625,175655
2007-06-08,832.25,138322
2007-06-11,815.0999755859375,114750
2007-06-12,804.5499877929688,141466
2007-06-13,798.5499877929688,120463
2007-06-14,907.5499877929688,2657629
2007-06-15,893.5,1632696
2007-06-18,863.7999877929688,387105
2007-06-19,903.2999877929688,1510644
2007-06-20,906.1500244140625,837703
2007-06-21,888.7000122070312,311908
2007-06-22,905.8499755859375,1127688
2007-06-25,921.2999877929688,1232367
2007-06-26,935.0499877929688,1496434
2007-06-27,938.7999877929688,1447863
2007-06-28,947.1500244140625,1014720
2007-06-29,933.4500122070312,321489
2007-07-02,934.5,317365
2007-07-03,937.7000122070312,612083
2007-07-04,921.0,264275
2007-07-05,906.0499877929688,226593
2007-07-06,952.2999877929688,820484
2007-07-09,951.1500244140625,848251
2007-07-10,1001.75,2899373
2007-07-11,1002.75,1085504
2007-07-12,1023.75,1055281
2007-07-13,1036.949951171875,1106036
2007-07-16,1032.5,293918
2007-07-17,1019.0999755859375,391136
2007-07-18,1066.6500244140625,994884
2007-07-19,1129.4000244140625,1198018
2007-07-20,1101.550048828125,621320
2007-07-23,1071.050048828125,185881
2007-07-24,1034.550048828125,261185
2007-07-25,1047.5999755859375,435421
2007-07-26,1043.4000244140625,268913
2007-07-27,1045.6500244140625,271033
2007-07-30,1026.3499755859375,210883
2007-07-31,1033.550048828125,79500
2007-08-01,978.25,99986
2007-08-02,978.4500122070312,103043
2007-08-03,1001.5499877929688,95853
2007-08-06,1007.2999877929688,66592
2007-08-07,992.8499755859375,67555
2007-08-08,1020.9500122070312,193250
2007-08-09,999.3499755859375,174795
2007-08-10,985.75,62358
2007-08-13,1005.6500244140625,70629
2007-08-14,996.8499755859375,81978
2007-08-16,962.9500122070312,65980
2007-08-17,949.5,82011
2007-08-20,961.0,55188
2007-08-21,887.3499755859375,80338
2007-08-22,904.9000244140625,73284
2007-08-23,930.9000244140625,159219
2007-08-24,961.25,235212
2007-08-27,977.2000122070312,66959
2007-08-28,971.7999877929688,39673
2007-08-29,960.3499755859375,34598
2007-08-30,975.75,91077
2007-08-31,984.0499877929688,55079
2007-09-03,975.0999755859375,39645
2007-09-04,969.5,29219
2007-09-05,967.0499877929688,15261
2007-09-06,973.2000122070312,27359
2007-09-07,989.2999877929688,162293
2007-09-10,982.75,31177
2007-09-11,984.8499755859375,39436
2007-09-12,1036.9000244140625,389047
2007-09-13,1063.0,285240
2007-09-14,1012.7999877929688,87907
2007-09-17,1003.25,36593
2007-09-18,1016.4500122070312,45949
2007-09-19,1031.550048828125,48611
2007-09-20,1020.5999755859375,38606
2007-09-21,1018.8499755859375,29257
2007-09-24,1047.5,90398
2007-09-25,1016.0999755859375,38287
2007-09-26,1006.0499877929688,22419
2007-09-27,1009.9000244140625,33508
2007-09-28,1037.9000244140625,78880
2007-10-01,1013.5499877929688,52151
2007-10-03,994.8499755859375,44774
2007-10-04,992.6500244140625,25936
2007-10-05,985.7000122070312,23625
2007-10-08,949.2000122070312,20644
2007-10-09,961.4500122070312,18121
2007-10-10,958.1500244140625,20748
2007-10-11,967.1500244140625,10485
2007-10-12,960.7999877929688,26033
2007-10-15,968.5999755859375,17821
2007-10-16,960.2000122070312,25767
2007-10-17,950.0999755859375,20949
2007-10-18,905.9500122070312,18563
2007-10-19,894.7999877929688,17350
2007-10-22,882.4000244140625,9386
2007-10-23,911.4000244140625,12555
2007-10-24,920.1500244140625,12608
2007-10-25,931.5499877929688,17952
2007-10-26,941.0999755859375,14512
2007-10-29,981.8499755859375,34501
2007-10-30,1035.199951171875,194221
2007-10-31,1045.5999755859375,44630
2007-11-01,990.8499755859375,17457
2007-11-02,982.9000244140625,13166
2007-11-05,964.4500122070312,8747
2007-11-06,940.5499877929688,10773
2007-11-07,911.2000122070312,12389
2007-11-08,953.0999755859375,24196
2007-11-12,936.0,13481
2007-11-13,965.0,67959
2007-11-14,1024.75,38933
2007-11-15,1050.1500244140625,61071
2007-11-16,1026.0999755859375,19786
2007-11-19,1005.0,17740
2007-11-20,1001.2000122070312,7192
2007-11-21,971.8499755859375,15208
2007-11-22,937.8499755859375,7347
2007-11-23,937.3499755859375,16119
2007-11-26,946.5999755859375,6315
2007-11-27,945.7999877929688,4167
2007-11-28,948.0,6181
2007-11-29,936.0499877929688,9469
2007-11-30,955.4500122070312,5781
2007-12-03,966.4500122070312,7964
2007-12-04,970.0499877929688,5450
2007-12-05,982.5499877929688,11462
2007-12-06,980.4500122070312,19147
2007-12-07,980.8499755859375,8895
2007-12-10,974.9000244140625,4429
2007-12-11,945.4000244140625,13879
2007-12-12,948.0,7395
2007-12-13,942.1500244140625,8920
2007-12-14,949.6500244140625,15194
2007-12-17,930.9000244140625,8207
2007-12-18,948.0,10309
2007-12-19,925.3499755859375,5254
2007-12-20,922.4000244140625,3826
2007-12-24,968.5,17963
2007-12-26,953.5499877929688,10342
2007-12-27,962.0999755859375,12651
2007-12-28,1000.2000122070312,69516
2007-12-31,1000.9500122070312,17901
2008-01-01,1015.5499877929688,39307
2008-01-02,984.7999877929688,43922
2008-01-03,988.0,12767
2008-01-04,982.4000244140625,10543
2008-01-07,964.0499877929688,8724
2008-01-08,946.4500122070312,12711
2008-01-09,933.2999877929688,6233
2008-01-10,923.9000244140625,6337
2008-01-11,924.5,7662
2008-01-14,916.5499877929688,6548
2008-01-15,912.2999877929688,30572
2008-01-16,900.9000244140625,5974
2008-01-17,921.2999877929688,6432
2008-01-18,915.0,13581
2008-01-21,874.2999877929688,22366
2008-01-22,752.3499755859375,9068
2008-01-23,816.8499755859375,9135
2008-01-24,801.0499877929688,10021
2008-01-25,805.5,11796
2008-01-28,846.5,5869
2008-01-29,871.0499877929688,5574
2008-01-30,824.6500244140625,4934
2008-01-31,863.6500244140625,5687
2008-02-01,858.7999877929688,7226
2008-02-04,858.9000244140625,1645
2008-02-05,857.7999877929688,1764
2008-02-06,841.75,2257
2008-02-07,813.9500122070312,3180
2008-02-08,791.7999877929688,6006
2008-02-11,764.9500122070312,4990
2008-02-12,738.9000244140625,3916
2008-02-13,722.5499877929688,4958
2008-02-14,772.2000122070312,3203
2008-02-15,799.25,5136
2008-02-18,801.1500244140625,2567
2008-02-19,784.75,2497
2008-02-20,776.5,1540
2008-02-21,787.5,1975
2008-02-22,772.75,1055
2008-02-25,763.0499877929688,1617
2008-02-26,784.4000244140625,1454
2008-02-27,778.7000122070312,2380
2008-02-28,774.2000122070312,945
2008-02-29,756.7000122070312,2367
2008-03-03,740.75,1996
2008-03-04,708.4500122070312,2264
2008-03-05,685.2999877929688,4800
2008-03-07,635.0999755859375,10490
2008-03-10,612.25,19004
2008-03-11,630.0,2912
2008-03-12,660.6500244140625,14726
2008-03-13,643.75,9406
2008-03-14,627.5499877929688,4013
2008-03-17,596.0999755859375,5820
2008-03-18,579.0999755859375,5112
2008-03-19,574.9500122070312,5440
2008-03-24,532.7999877929688,5315
2008-03-25,566.25,7244
2008-03-26,582.2000122070312,5017
2008-03-27,576.5499877929688,12629
2008-03-28,616.4500122070312,10223
2008-03-31,664.0499877929688,10685
2008-04-01,658.7000122070312,4694
2008-04-02,655.8499755859375,2375
2008-04-03,656.75,2356
2008-04-04,666.5,5672
2008-04-07,665.0499877929688,1195
2008-04-08,655.4000244140625,1322
2008-04-09,657.25,8917
2008-04-10,666.5999755859375,7631
2008-04-11,672.0999755859375,3541
2008-04-15,674.9500122070312,6144
2008-04-16,680.1500244140625,6472
2008-04-17,686.9500122070312,9178
2008-04-21,696.5,4046
2008-04-22,699.9000244140625,8412
2008-04-23,744.2000122070312,26720
2008-04-24,766.2000122070312,30814
2008-04-25,762.8499755859375,6561
2008-04-28,751.2000122070312,5549
2008-04-29,740.1500244140625,3049
2008-04-30,738.5499877929688,2632
2008-05-02,731.75,3856
2008-05-05,745.0499877929688,2917
2008-05-06,755.0999755859375,18214
2008-05-07,750.25,13414
2008-05-08,752.25,5093
2008-05-09,745.5499877929688,2847
2008-05-12,727.75,3285
2008-05-13,745.2999877929688,10863
2008-05-14,745.7000122070312,1701
2008-05-15,764.4500122070312,3411
2008-05-16,754.8499755859375,990
2008-05-20,745.7999877929688,2069
2008-05-21,747.2999877929688,2264
2008-05-22,739.8499755859375,1223
2008-05-23,718.75,1942
2008-05-26,710.25,1609
2008-05-27,703.0999755859375,4306
2008-05-28,740.5999755859375,6840
2008-05-29,732.25,26871
2008-05-30,726.5499877929688,5540
2008-06-02,706.7000122070312,1834
2008-06-03,700.5999755859375,1967
2008-06-04,682.9000244140625,3610
2008-06-05,681.5999755859375,3010
2008-06-06,675.6500244140625,2791
2008-06-09,660.1500244140625,8551
2008-06-10,669.75,2734
2008-06-11,670.75,1904
2008-06-12,675.1500244140625,1245
2008-06-13,678.4500122070312,1113
2008-06-16,668.8499755859375,739
2008-06-17,675.2999877929688,908
2008-06-18,659.7999877929688,2662
2008-06-19,656.6500244140625,1120
2008-06-20,658.5,8408
2008-06-23,630.9500122070312,6537
2008-06-24,624.8499755859375,4005
2008-06-25,626.2999877929688,2337
2008-06-26,625.3499755859375,9878
2008-06-27,617.75,17394
2008-06-30,634.5499877929688,5788
2008-07-01,629.25,6380
2008-07-02,633.4500122070312,4878
2008-07-03,619.8499755859375,2696
2008-07-04,636.5,31022
2008-07-07,640.9500122070312,6458
2008-07-08,630.0,2013
2008-07-09,641.3499755859375,7463
2008-07-10,629.7999877929688,504
2008-07-11,629.5499877929688,6419
2008-07-14,619.75,999
2008-07-15,626.1500244140625,3231
2008-07-16,628.9000244140625,1676
2008-07-17,631.9500122070312,2695
2008-07-18,637.7999877929688,4418
2008-07-21,641.1500244140625,3959
2008-07-22,655.1500244140625,4969
2008-07-23,659.2999877929688,5968
2008-07-24,658.25,5480
2008-07-25,664.0,5284
2008-07-28,675.4500122070312,1995
2008-07-29,667.5999755859375,11096
2008-07-30,654.8499755859375,1133
2008-07-31,660.1500244140625,4671
2008-08-01,660.25,9290
2008-08-04,660.0999755859375,5147
2008-08-05,660.0499877929688,4412
2008-08-06,660.8499755859375,3691
2008-08-07,647.7999877929688,3055
2008-08-08,652.7999877929688,1229
2008-08-11,642.6500244140625,1912
2008-08-12,637.3499755859375,1379
2008-08-13,633.2999877929688,888
2008-08-14,627.2999877929688,495
2008-08-18,628.2000122070312,50222
2008-08-19,621.6500244140625,1077
2008-08-20,620.3499755859375,19272
2008-08-21,613.2000122070312,770
2008-08-22,621.5499877929688,3443
2008-08-25,612.9000244140625,954
2008-08-26,604.5499877929688,1080
2008-08-27,603.8499755859375,827
2008-08-28,619.0999755859375,3599
2008-08-29,624.8499755859375,13100
2008-09-01,617.5999755859375,2160
2008-09-02,616.6500244140625,2808
2008-09-04,619.2000122070312,1836
2008-09-05,611.0,484
2008-09-08,612.3499755859375,855
2008-09-09,608.7000122070312,1298
2008-09-10,615.7000122070312,3267
2008-09-11,615.2999877929688,5321
2008-09-12,609.8499755859375,3932
2008-09-15,580.25,1336
2008-09-16,573.25,4898
2008-09-17,568.5999755859375,1646
2008-09-18,547.4000244140625,1976
2008-09-19,575.6500244140625,3707
2008-09-22,575.3499755859375,3038
2008-09-23,559.9500122070312,813
2008-09-24,547.8499755859375,1230
2008-09-25,558.3499755859375,2833
2008-09-26,549.0999755859375,6145
2008-09-29,513.9500122070312,3377
2008-09-30,525.2999877929688,5246
2008-10-01,521.4500122070312,1080
2008-10-03,498.70001220703125,3760
2008-10-06,470.6000061035156,2331
2008-10-07,463.20001220703125,2188
2008-10-08,439.70001220703125,4246
2008-10-10,398.29998779296875,4276
2008-10-13,404.8500061035156,2041
2008-10-14,409.95001220703125,2594
2008-10-15,410.0,5045
2008-10-16,395.45001220703125,891
2008-10-17,386.6499938964844,1137
2008-10-20,387.3999938964844,1661
2008-10-21,393.29998779296875,2295
2008-10-22,384.04998779296875,404
2008-10-23,380.8999938964844,835
2008-10-24,337.54998779296875,6860
2008-10-27,348.75,2700
2008-10-29,383.1499938964844,1141
2008-10-31,399.29998779296875,2407
2008-11-03,419.1000061035156,2898
2008-11-04,416.20001220703125,774
2008-11-05,402.70001220703125,3383
2008-11-06,399.79998779296875,1090
2008-11-07,403.8500061035156,904
2008-11-10,402.6499938964844,1163
2008-11-11,397.04998779296875,1751
2008-11-12,400.0,925
2008-11-14,399.20001220703125,715
2008-11-17,390.5,1442
2008-11-18,382.1000061035156,1905
2008-11-19,364.25,1636
2008-11-20,352.0,820
2008-11-21,354.8500061035156,2380
2008-11-24,350.8999938964844,2122
2008-11-25,329.20001220703125,2578
2008-11-26,345.1499938964844,1537
2008-11-27,345.1499938964844,0
2008-11-28,344.6000061035156,618
2008-12-01,342.3500061035156,956
2008-12-02,349.79998779296875,513
2008-12-03,362.95001220703125,1747
2008-12-04,359.45001220703125,1664
2008-12-05,357.54998779296875,559
2008-12-08,350.6499938964844,1772
2008-12-10,368.29998779296875,1740
2008-12-11,370.20001220703125,1407
2008-12-12,403.70001220703125,5591
2008-12-15,402.1499938964844,1999
2008-12-16,418.1000061035156,2945
2008-12-17,401.95001220703125,1487
2008-12-18,408.1499938964844,1071
2008-12-19,412.8999938964844,2168
2008-12-22,412.0,12685
2008-12-23,408.75,2050
2008-12-24,399.1499938964844,3492
2008-12-26,404.75,2034
2008-12-29,397.29998779296875,967
2008-12-30,429.8999938964844,5160
2008-12-31,431.54998779296875,5645
2009-01-02,459.1000061035156,17317
2009-01-05,468.6499938964844,84626
2009-01-06,449.5,7143
2009-01-07,415.5,9081
2009-01-09,406.3500061035156,6785
2009-01-12,399.6000061035156,6098
2009-01-13,397.04998779296875,2293
2009-01-14,405.1499938964844,42421
2009-01-15,400.54998779296875,2850
2009-01-16,398.8500061035156,3813
2009-01-19,398.0,444
2009-01-20,396.3999938964844,2142
2009-01-21,408.29998779296875,8685
2009-01-22,399.1000061035156,4501
2009-01-23,417.1499938964844,27062
2009-01-27,429.8500061035156,33761
2009-01-28,439.75,85290
2009-01-29,443.70001220703125,28084
2009-01-30,440.5,3595
2009-02-02,438.20001220703125,2952
2009-02-03,441.45001220703125,2686
2009-02-04,442.8500061035156,1662
2009-02-05,446.25,11853
2009-02-06,448.3999938964844,15829
2009-02-09,449.1000061035156,15055
2009-02-10,443.3500061035156,5272
2009-02-11,449.8500061035156,19861
2009-02-12,449.3999938964844,1795
2009-02-13,449.6499938964844,5610
2009-02-16,442.29998779296875,1451
2009-02-17,433.04998779296875,1547
2009-02-18,420.75,40791
2009-02-19,429.0,1100
2009-02-20,420.8500061035156,477
2009-02-24,427.8999938964844,1638
2009-02-25,430.3999938964844,41563
2009-02-26,423.95001220703125,1626
2009-02-27,423.8999938964844,3326
2009-03-02,407.0,909
2009-03-03,398.75,11615
2009-03-04,390.1499938964844,3101
2009-03-05,382.25,2920
2009-03-06,393.75,2988
2009-03-09,387.70001220703125,920
2009-03-12,397.1000061035156,1357
2009-03-13,406.1499938964844,6910
2009-03-16,403.8500061035156,726
2009-03-17,408.6499938964844,1755
2009-03-18,420.54998779296875,2337
2009-03-19,431.5,16366
2009-03-20,441.45001220703125,16157
2009-03-23,462.75,10445
2009-03-24,455.20001220703125,6345
2009-03-25,455.45001220703125,1548
2009-03-26,472.3999938964844,26067
2009-03-27,483.29998779296875,4913
2009-03-30,482.3999938964844,5720
2009-03-31,491.75,9665
2009-04-01,485.95001220703125,3911
2009-04-02,485.5,3277
2009-04-06,478.3999938964844,2517
2009-04-08,488.3500061035156,2169
2009-04-09,486.04998779296875,2055
2009-04-13,536.75,57517
2009-04-15,545.25,20426
2009-04-16,501.8999938964844,11261
2009-04-17,506.6000061035156,6032
2009-04-20,516.4000244140625,2020
2009-04-21,508.6499938964844,864
2009-04-22,503.75,1605
2009-04-23,499.1000061035156,1694
2009-04-24,504.0,3248
2009-04-27,501.3500061035156,3803
2009-04-28,504.20001220703125,41299
2009-04-29,516.1500244140625,31338
2009-04-30,518.4000244140625,0
2009-05-04,541.0999755859375,16057
2009-05-05,559.9000244140625,42963
2009-05-06,556.0999755859375,11968
2009-05-07,563.0999755859375,28942
2009-05-08,625.5499877929688,92644
2009-05-11,586.3499755859375,11014
2009-05-12,600.3499755859375,81788
2009-05-13,646.0499877929688,166630
2009-05-14,633.25,31434
2009-05-15,621.4500122070312,13645
2009-05-18,699.9000244140625,10
2009-05-19,689.5499877929688,54025
2009-05-20,780.5999755859375,74093
2009-05-21,744.3499755859375,72107
2009-05-22,752.6500244140625,14206
2009-05-25,741.4000244140625,13197
2009-05-26,730.5,21511
2009-05-27,728.8499755859375,12587
2009-05-28,717.1500244140625,9259
2009-05-29,710.9500122070312,10910
2009-06-01,724.4000244140625,5033
2009-06-02,755.7999877929688,28380
2009-06-03,753.25,20479
2009-06-04,787.9000244140625,15942
2009-06-05,809.5,36742
2009-06-08,823.4000244140625,43761
2009-06-09,809.9000244140625,13024
2009-06-10,834.0499877929688,43475
2009-06-11,822.0499877929688,12213
2009-06-12,788.6500244140625,8994
2009-06-15,755.5499877929688,6248
2009-06-16,776.5999755859375,7578
2009-06-17,750.2000122070312,5793
2009-06-18,756.7999877929688,7645
2009-06-19,748.0999755859375,4702
2009-06-22,725.4500122070312,6809
2009-06-23,731.7999877929688,4598
2009-06-24,747.5,6439
2009-06-25,754.0999755859375,2193
2009-06-26,761.5999755859375,5672
2009-06-29,776.3499755859375,9609
2009-06-30,769.9500122070312,4000
2009-07-01,786.0999755859375,2718
2009-07-02,825.6500244140625,150037
2009-07-03,806.7000122070312,34739
2009-07-06,756.7999877929688,16247
2009-07-07,770.5,6623
2009-07-08,759.0,10861
2009-07-09,749.0999755859375,4860
2009-07-10,726.2999877929688,4460
2009-07-13,739.7000122070312,13572
2009-07-14,760.0,3687
2009-07-15,808.0999755859375,52456
2009-07-16,812.9000244140625,8053
2009-07-17,821.0499877929688,8929
2009-07-20,838.2000122070312,19306
2009-07-21,837.9000244140625,5647
2009-07-22,861.9000244140625,59810
2009-07-23,864.0499877929688,13417
2009-07-24,876.3499755859375,21050
2009-07-27,889.4500122070312,35249
2009-07-28,913.4000244140625,100575
2009-07-29,900.0,24702
2009-07-30,893.1500244140625,13747
2009-07-31,888.8499755859375,8142
2009-08-03,898.75,9313
2009-08-04,897.7999877929688,11251
2009-08-05,885.8499755859375,6386
2009-08-06,870.1500244140625,8634
2009-08-07,852.6500244140625,18086
2009-08-10,820.1500244140625,6219
2009-08-11,822.2000122070312,2270
2009-08-12,807.25,4068
2009-08-13,836.5999755859375,5211
2009-08-14,819.2999877929688,3531
2009-08-17,816.0,4951
2009-08-18,823.9000244140625,2465
2009-08-19,822.7999877929688,6073
2009-08-20,817.5,2066
2009-08-21,823.4000244140625,2800
2009-08-24,844.1500244140625,3267
2009-08-25,834.3499755859375,5491
2009-08-26,820.25,7938
2009-08-27,834.8499755859375,38828
2009-08-28,822.5499877929688,11128
2009-08-31,820.6500244140625,6683
2009-09-01,803.1500244140625,11849
2009-09-02,815.9500122070312,4131
2009-09-03,806.7999877929688,3230
2009-09-04,804.6500244140625,3274
2009-09-07,813.0,6968
2009-09-08,819.9500122070312,55096
2009-09-09,820.5499877929688,4718
2009-09-10,822.7999877929688,25226
2009-09-11,809.2000122070312,8004
2009-09-14,806.9000244140625,7706
2009-09-15,812.2000122070312,24393
2009-09-16,804.1500244140625,20236
2009-09-17,803.3499755859375,22117
2009-09-18,794.7999877929688,9984
2009-09-22,783.9500122070312,15755
2009-09-23,775.7999877929688,10021
2009-09-24,772.8499755859375,7800
2009-09-25,773.0,15186
2009-09-29,761.1500244140625,65816
2009-09-30,802.8499755859375,85023
2009-10-01,790.4500122070312,47011
2009-10-05,774.9000244140625,13532
2009-10-06,771.2000122070312,6347
2009-10-07,785.25,7018
2009-10-08,783.6500244140625,4360
2009-10-09,781.9000244140625,6251
2009-10-12,784.0999755859375,10094
2009-10-13,781.3499755859375,0
2009-10-14,781.8499755859375,8286
2009-10-15,784.25,3779
2009-10-16,808.2000122070312,71927
2009-10-20,807.3499755859375,22142
2009-10-21,799.5499877929688,12247
2009-10-22,782.1500244140625,8013
2009-10-23,792.5499877929688,7017
2009-10-26,786.5,5896
2009-10-27,760.6500244140625,6995
2009-10-28,754.4500122070312,8861
2009-10-29,761.8499755859375,5565
2009-10-30,775.75,4552
2009-11-03,753.7999877929688,6274
2009-11-04,762.4000244140625,7978
2009-11-05,767.5999755859375,3860
2009-11-06,771.5999755859375,2334
2009-11-09,768.9000244140625,2593
2009-11-10,760.4000244140625,4204
2009-11-11,765.8499755859375,3586
2009-11-12,767.4500122070312,5980
2009-11-13,770.9500122070312,11204
2009-11-16,776.7999877929688,12883
2009-11-17,780.0,50224
2009-11-18,791.4000244140625,21141
2009-11-19,783.7000122070312,3494
2009-11-20,785.9500122070312,3166
2009-11-23,791.0999755859375,11583
2009-11-24,789.8499755859375,3434
2009-11-25,781.75,2277
2009-11-26,807.5,138400
2009-11-27,808.0999755859375,19993
2009-11-30,811.0,25384
2009-12-01,840.6500244140625,103630
2009-12-02,833.0499877929688,41112
2009-12-03,824.2000122070312,22221
2009-12-04,819.9500122070312,14715
2009-12-07,817.75,6832
2009-12-08,859.25,110578
2009-12-09,841.2000122070312,16191
2009-12-10,841.7999877929688,8976
2009-12-11,831.0499877929688,8567
2009-12-14,819.2999877929688,6576
2009-12-15,820.5999755859375,43391
2009-12-16,820.4000244140625,17645
2009-12-17,830.2999877929688,18409
2009-12-18,830.0,19705
2009-12-21,839.0999755859375,15369
2009-12-22,826.4000244140625,61374
2009-12-23,834.6500244140625,71690
2009-12-24,831.25,20248
2009-12-29,827.7999877929688,10378
2009-12-30,828.7999877929688,18494
2009-12-31,827.1500244140625,6188
2010-01-04,826.0999755859375,6396
2010-01-05,826.1500244140625,6656
2010-01-06,852.0499877929688,173104
2010-01-07,846.8499755859375,21522
2010-01-08,836.7999877929688,8784
2010-01-11,859.5499877929688,61210
2010-01-12,853.9500122070312,19532
2010-01-13,851.1500244140625,8857
2010-01-14,857.9500122070312,14987
2010-01-15,855.7999877929688,7806
2010-01-18,861.0999755859375,16367
2010-01-19,859.0999755859375,13444
2010-01-20,851.2999877929688,10569
2010-01-21,871.4000244140625,74087
2010-01-22,854.9500122070312,11353
2010-01-25,842.5,31364
2010-01-27,817.7000122070312,7048
2010-01-28,819.6500244140625,8018
2010-01-29,827.8499755859375,30061
2010-02-01,834.0499877929688,2925
2010-02-02,826.1500244140625,13372
2010-02-03,825.5999755859375,6518
2010-02-04,826.1500244140625,5263
2010-02-05,808.7000122070312,4861
2010-02-08,817.4000244140625,4904
2010-02-09,823.3499755859375,4458
2010-02-10,829.5999755859375,5186
2010-02-11,827.75,3148
2010-02-15,830.4500122070312,1524
2010-02-16,835.0,3178
2010-02-17,853.0,13639
2010-02-18,875.2999877929688,54943
2010-02-19,887.5499877929688,138605
2010-02-22,902.4500122070312,104696
2010-02-23,924.5,151018
2010-02-24,898.8499755859375,26289
2010-02-25,879.4000244140625,3778
2010-02-26,872.9000244140625,6266
2010-03-02,877.5999755859375,4757
2010-03-03,888.7000122070312,11141
2010-03-04,878.5499877929688,1806
2010-03-05,871.3499755859375,6511
2010-03-08,873.0,4631
2010-03-09,866.0999755859375,2396
2010-03-10,865.0499877929688,6424
2010-03-11,870.75,2265
2010-03-12,868.5,17557
2010-03-15,882.7999877929688,15780
2010-03-16,886.7000122070312,35738
2010-03-17,884.1500244140625,19450
2010-03-18,877.75,4117
2010-03-19,879.4500122070312,5051
2010-03-22,875.5499877929688,2617
2010-03-23,874.4500122070312,3037
2010-03-25,871.4000244140625,4788
2010-03-26,876.0,3259
2010-03-29,875.4000244140625,3979
2010-03-30,888.5,6167
2010-03-31,880.2000122070312,4496
2010-04-01,884.5999755859375,1349
2010-04-05,922.0,33605
2010-04-06,922.7999877929688,4137
2010-04-07,923.0999755859375,15776
2010-04-08,917.9500122070312,4166
2010-04-09,961.25,45903
2010-04-12,1025.800048828125,69397
2010-04-13,994.5999755859375,14873
2010-04-15,990.2000122070312,12035
2010-04-16,987.4000244140625,10032
2010-04-19,966.8499755859375,6049
2010-04-20,977.5999755859375,8108
2010-04-21,991.7999877929688,6603
2010-04-22,990.2000122070312,5019
2010-04-23,991.1500244140625,3893
2010-04-26,1014.0999755859375,14879
2010-04-27,1009.0,5170
2010-04-28,997.7000122070312,3969
2010-04-29,1001.7999877929688,2768
2010-04-30,998.0,8564
2010-05-03,999.0999755859375,1881
2010-05-04,982.2000122070312,8534
2010-05-05,971.8499755859375,3710
2010-05-06,971.8499755859375,36508
2010-05-07,970.5999755859375,4780
2010-05-10,985.0999755859375,5502
2010-05-11,982.0,2726
2010-05-12,976.0999755859375,1174
2010-05-13,979.7000122070312,1123
2010-05-14,978.2000122070312,1165
2010-05-17,960.2000122070312,2532
2010-05-18,965.9000244140625,4538
2010-05-19,979.1500244140625,16783
2010-05-20,993.9000244140625,6681
2010-05-21,975.25,4889
2010-05-24,962.6500244140625,14715
2010-05-25,960.0499877929688,10969
2010-05-26,969.4000244140625,3757
2010-05-27,960.7999877929688,1943
2010-05-28,966.0,4496
2010-05-31,952.9000244140625,1822
2010-06-01,943.4000244140625,1166
2010-06-02,960.0999755859375,3435
2010-06-03,963.9500122070312,1039
2010-06-04,965.1500244140625,1196
2010-06-07,959.0999755859375,397
2010-06-08,968.6500244140625,2167
2010-06-09,974.4500122070312,1740
2010-06-10,1003.1500244140625,15608
2010-06-11,1022.2000122070312,9347
2010-06-14,1006.9500122070312,1671
2010-06-15,1019.4000244140625,11871
2010-06-16,1078.300048828125,29640
2010-06-17,1096.4000244140625,43163
2010-06-18,1076.699951171875,4307
2010-06-21,1172.699951171875,115621
2010-06-22,1172.5999755859375,31108
2010-06-23,1170.25,7059
2010-06-24,1171.3499755859375,16370
2010-06-25,1169.75,10014
2010-06-28,1213.75,50135
2010-06-29,1187.449951171875,6783
2010-06-30,1180.0999755859375,4297
2010-07-01,1211.6500244140625,26292
2010-07-02,1199.0,6342
2010-07-05,1185.949951171875,2837
2010-07-06,1182.5999755859375,3806
2010-07-07,1179.25,2185
2010-07-08,1188.800048828125,17128
2010-07-09,1182.5999755859375,7118
2010-07-12,1176.449951171875,3770
2010-07-13,1190.449951171875,6808
2010-07-14,1173.550048828125,4119
2010-07-15,1179.5,2404
2010-07-16,1171.050048828125,5594
2010-07-19,1156.699951171875,4707
2010-07-20,1138.5,3311
2010-07-21,1130.0,5866
2010-07-22,1123.5,7349
2010-07-23,1127.6500244140625,9092
2010-07-26,1104.5999755859375,4368
2010-07-27,1109.8499755859375,4625
2010-07-28,1134.4000244140625,5984
2010-07-29,1165.75,22060
2010-07-30,1197.0999755859375,35330
2010-08-02,1203.050048828125,6527
2010-08-03,1218.4000244140625,13077
2010-08-04,1232.5999755859375,11466
2010-08-05,1225.4000244140625,18780
2010-08-06,1240.9000244140625,20430
2010-08-09,1247.1500244140625,45290
2010-08-10,1254.8499755859375,7557
2010-08-11,1235.300048828125,1869
2010-08-12,1220.75,25899
2010-08-13,1218.300048828125,9795
2010-08-16,1146.0999755859375,21712
2010-08-17,1199.3499755859375,46509
2010-08-18,1200.5,39429
2010-08-19,1198.550048828125,3421
2010-08-20,1197.550048828125,4490
2010-08-23,1200.300048828125,19175
2010-08-24,1220.300048828125,93233
2010-08-25,1205.949951171875,5251
2010-08-26,1205.699951171875,2150
2010-08-27,1191.4000244140625,2130
2010-08-30,1191.6500244140625,2053
2010-08-31,1219.6500244140625,11605
2010-09-01,1204.949951171875,1104
2010-09-02,1206.050048828125,26831
2010-09-03,1210.550048828125,6805
2010-09-06,1212.699951171875,3348
2010-09-07,1206.949951171875,1781
2010-09-08,1180.699951171875,10652
2010-09-09,1178.5999755859375,4312
2010-09-13,1221.6500244140625,20575
2010-09-14,1207.300048828125,37784
2010-09-15,1220.0999755859375,22399
2010-09-16,1211.800048828125,1729
2010-09-17,1218.6500244140625,5132
2010-09-20,1216.8499755859375,3697
2010-09-21,1211.1500244140625,11207
2010-09-22,1241.1500244140625,29206
2010-09-23,1219.699951171875,6128
2010-09-24,1227.4000244140625,4620
2010-09-27,1243.25,9498
2010-09-28,1241.6500244140625,5258
2010-09-29,1231.75,4142
2010-09-30,1231.5999755859375,3326
2010-10-01,1240.9000244140625,9121
2010-10-04,1245.0,9815
2010-10-05,1234.0999755859375,1647
2010-10-06,1232.3499755859375,2247
2010-10-07,1234.800048828125,3474
2010-10-08,1238.550048828125,1753
2010-10-11,1239.050048828125,1994
2010-10-12,1270.8499755859375,25164
2010-10-13,1333.449951171875,40016
2010-10-14,1349.050048828125,15911
2010-10-15,1318.449951171875,2381
2010-10-18,1297.800048828125,2558
2010-10-19,1304.75,4175
2010-10-20,1355.449951171875,17793
2010-10-21,1352.8499755859375,9546
2010-10-22,1351.800048828125,3105
2010-10-25,1376.449951171875,3426
2010-10-26,1369.75,6986
2010-10-27,1353.4000244140625,2127
2010-10-28,1372.75,3769
2010-10-29,1371.0999755859375,3481
2010-11-01,1375.25,1726
2010-11-02,1375.0,3220
2010-11-03,1361.75,2098
2010-11-04,1372.1500244140625,1695
2010-11-08,1423.8499755859375,11416
2010-11-09,1441.25,8354
2010-11-10,1407.300048828125,3645
2010-11-11,1402.8499755859375,3046
2010-11-12,1388.5,2642
2010-11-15,1385.0,2284
2010-11-16,1366.6500244140625,1718
2010-11-18,1331.3499755859375,2434
2010-11-19,1307.199951171875,1382
2010-11-22,1328.3499755859375,2007
2010-11-23,1318.0,3659
2010-11-24,1318.800048828125,570
2010-11-25,1295.8499755859375,2283
2010-11-26,1266.9000244140625,5547
2010-11-29,1252.6500244140625,1942
2010-11-30,1291.300048828125,3465
2010-12-01,1299.6500244140625,15053
2010-12-02,1308.550048828125,1556
2010-12-03,1286.199951171875,2304
2010-12-06,1303.800048828125,4512
2010-12-07,1299.8499755859375,6137
2010-12-08,1268.1500244140625,983
2010-12-09,1249.199951171875,7666
2010-12-10,1238.75,3438
2010-12-13,1252.199951171875,6833
2010-12-14,1266.3499755859375,5275
2010-12-15,1267.699951171875,1727
2010-12-16,1247.9000244140625,1607
2010-12-20,1251.699951171875,1346
2010-12-21,1288.6500244140625,2361
2010-12-22,1274.0999755859375,1576
2010-12-23,1256.5999755859375,875
2010-12-24,1280.800048828125,600
2010-12-27,1300.0,8777
2010-12-28,1288.9000244140625,496
2010-12-29,1281.949951171875,3411
2010-12-30,1288.300048828125,1202
2010-12-31,1285.550048828125,3535
2011-01-03,1265.5,58624
2011-01-04,1260.4000244140625,4588
2011-01-05,1235.699951171875,3397
2011-01-06,1228.0999755859375,1502
2011-01-07,1190.300048828125,33713
2011-01-10,1165.300048828125,10710
2011-01-11,1160.3499755859375,17156
2011-01-12,1202.699951171875,15934
2011-01-13,1191.75,3171
2011-01-14,1180.300048828125,1794
2011-01-17,1160.4000244140625,1619
2011-01-18,1161.0999755859375,1226
2011-01-19,1151.3499755859375,430
2011-01-20,1150.6500244140625,2371
2011-01-21,1172.949951171875,803
2011-01-24,1192.949951171875,32730
2011-01-25,1199.949951171875,46703
2011-01-27,1223.5,4078
2011-01-28,1231.300048828125,4209
2011-01-31,1190.1500244140625,1265
2011-02-01,1182.4000244140625,7057
2011-02-02,1136.75,3332
2011-02-03,1119.5999755859375,23303
2011-02-04,1084.3499755859375,4980
2011-02-07,1070.8499755859375,1717
2011-02-08,1057.199951171875,5645
2011-02-09,982.9500122070312,14853
2011-02-10,990.7000122070312,2509
2011-02-11,1001.2000122070312,1187
2011-02-14,1075.949951171875,4410
2011-02-15,1082.75,1877
2011-02-16,1071.6500244140625,635
2011-02-17,1070.9000244140625,374
2011-02-18,1060.699951171875,700
2011-02-21,1059.4000244140625,1801
2011-02-22,1037.8499755859375,2463
2011-02-23,1039.1500244140625,2736
2011-02-24,1010.7999877929688,1453
2011-02-25,1027.25,3856
2011-02-28,1031.1500244140625,2640
2011-03-01,1034.6500244140625,2350
2011-03-03,1027.699951171875,532
2011-03-04,1037.0,1170
2011-03-07,1028.050048828125,458
2011-03-08,1028.949951171875,752
2011-03-09,1030.550048828125,1226
2011-03-10,1030.1500244140625,506
2011-03-11,1028.9000244140625,316
2011-03-14,1035.550048828125,1952
2011-03-15,1029.25,1229
2011-03-16,1034.199951171875,649
2011-03-17,1030.550048828125,2297
2011-03-18,1030.0999755859375,2215
2011-03-21,1023.4500122070312,1671
2011-03-22,1052.5,21880
2011-03-23,1066.949951171875,1208
2011-03-24,1042.199951171875,689
2011-03-25,1060.0,854
2011-03-28,1068.9000244140625,2129
2011-03-29,1076.8499755859375,15807
2011-03-30,1077.800048828125,701
2011-03-31,1073.300048828125,1085
2011-04-01,1097.3499755859375,2380
2011-04-04,1093.25,2741
2011-04-05,1101.800048828125,1825
2011-04-06,1116.25,450
2011-04-07,1143.6500244140625,3643
2011-04-08,1194.0999755859375,30190
2011-04-11,1201.550048828125,1597
2011-04-13,1199.949951171875,2086
2011-04-15,1181.949951171875,3012
2011-04-18,1157.5999755859375,1841
2011-04-19,1127.050048828125,1642
2011-04-20,1122.800048828125,3503
2011-04-21,1118.4000244140625,2263
2011-04-25,1124.3499755859375,1738
2011-04-26,1114.550048828125,1696
2011-04-27,1105.1500244140625,1336
2011-04-28,1115.300048828125,2008
2011-04-29,1104.050048828125,1395
2011-05-02,1082.949951171875,448
2011-05-03,1082.1500244140625,605
2011-05-04,1081.8499755859375,143
2011-05-05,1075.949951171875,1793
2011-05-06,1068.300048828125,425
2011-05-09,1088.5,827
2011-05-10,1089.050048828125,30880
2011-05-11,1118.4000244140625,2111
2011-05-12,1100.8499755859375,3365
2011-05-13,1100.300048828125,2745
2011-05-16,1100.050048828125,1521
2011-05-17,1083.4000244140625,1155
2011-05-18,1064.3499755859375,12201
2011-05-19,1062.4000244140625,1465
2011-05-20,1067.050048828125,2194
2011-05-23,1054.25,4211
2011-05-24,1030.8499755859375,2477
2011-05-25,1028.550048828125,1545
2011-05-26,1012.4500122070312,1698
2011-05-27,1029.75,7297
2011-05-30,1016.0999755859375,4579
2011-05-31,1067.5999755859375,5934
2011-06-01,1066.0999755859375,2677
2011-06-02,1060.75,812
2011-06-03,1054.0,758
2011-06-06,1050.9000244140625,27806
2011-06-07,1030.8499755859375,14214
2011-06-08,1029.8499755859375,1366
2011-06-09,1040.1500244140625,1740
2011-06-10,1042.5,11489
2011-06-13,1050.5999755859375,32049
2011-06-14,1063.6500244140625,1173
2011-06-15,1053.550048828125,1793
2011-06-16,1050.5999755859375,804
2011-06-17,1051.550048828125,998
2011-06-20,1045.0,1304
2011-06-21,1043.050048828125,1232
2011-06-22,1039.300048828125,701
2011-06-23,1031.949951171875,259
2011-06-24,1031.949951171875,502
2011-06-27,1055.800048828125,931
2011-06-28,1059.800048828125,830
2011-06-29,1065.199951171875,2756
2011-06-30,1133.550048828125,4377
2011-07-01,1099.0999755859375,1244
2011-07-04,1093.550048828125,487
2011-07-05,1088.550048828125,264
2011-07-06,1113.300048828125,586
2011-07-07,1168.25,13274
2011-07-08,1147.449951171875,766
2011-07-11,1151.9000244140625,26478
2011-07-12,1155.8499755859375,1333
2011-07-13,1174.300048828125,2036
2011-07-14,1151.8499755859375,591
2011-07-15,1160.0,2230
2011-07-18,1140.25,1195
2011-07-19,1150.25,2765
2011-07-20,1150.0,2542
2011-07-21,1197.1500244140625,30286
2011-07-22,1210.4000244140625,8971
2011-07-25,1212.550048828125,16424
2011-07-26,1211.300048828125,2626
2011-07-27,1215.050048828125,12569
2011-07-28,1224.199951171875,7270
2011-07-29,1265.800048828125,44758
2011-08-01,1245.949951171875,7123
2011-08-02,1259.3499755859375,6184
2011-08-03,1233.050048828125,1396
2011-08-04,1225.8499755859375,2544
2011-08-05,1180.4000244140625,5368
2011-08-08,1175.300048828125,9070
2011-08-09,1161.0999755859375,2566
2011-08-10,1201.550048828125,1987
2011-08-11,1196.449951171875,1052
2011-08-12,1132.050048828125,6084
2011-08-16,1004.2000122070312,20680
2011-08-17,1001.7000122070312,4135
2011-08-18,986.3499755859375,9513
2011-08-19,985.4000244140625,7441
2011-08-22,969.2999877929688,6865
2011-08-23,995.5,8189
2011-08-24,975.0,1560
2011-08-25,977.3499755859375,636
2011-08-26,974.4000244140625,4070
2011-08-29,988.8499755859375,1160
2011-08-30,995.0,1996
2011-09-02,997.1500244140625,639
2011-09-05,990.9000244140625,492
2011-09-06,970.0,5041
2011-09-07,979.0999755859375,4655
2011-09-08,969.9500122070312,1749
2011-09-09,969.7000122070312,2638
2011-09-12,932.5,9357
2011-09-13,918.6500244140625,9344
2011-09-14,926.1500244140625,5301
2011-09-15,932.9500122070312,4782
2011-09-16,958.0499877929688,3777
2011-09-19,968.9500122070312,6136
2011-09-20,958.5999755859375,937
2011-09-21,967.2000122070312,1328
2011-09-22,943.1500244140625,5644
2011-09-23,940.1500244140625,1277
2011-09-26,932.5499877929688,2368
2011-09-27,934.5,5288
2011-09-28,921.0499877929688,2529
2011-09-29,925.7000122070312,1432
2011-09-30,951.75,4887
2011-10-03,919.9500122070312,33657
2011-10-04,916.0999755859375,1830
2011-10-05,915.7000122070312,1709
2011-10-07,918.9500122070312,3409
2011-10-10,919.6500244140625,969
2011-10-11,917.5,1447
2011-10-12,916.5499877929688,2319
2011-10-13,905.5999755859375,1760
2011-10-14,917.4500122070312,16147
2011-10-17,912.7000122070312,2870
2011-10-18,897.0499877929688,2510
2011-10-19,900.0499877929688,4113
2011-10-20,907.1500244140625,1573
2011-10-21,902.0499877929688,3686
2011-10-24,903.2999877929688,1681
2011-10-25,910.8499755859375,2276
2011-10-28,905.25,3219
2011-10-31,896.4500122070312,2992
2011-11-01,904.25,11764
2011-11-02,990.25,138654
2011-11-03,976.5,15445
2011-11-04,977.5999755859375,4113
2011-11-08,965.7000122070312,1669
2011-11-09,956.9500122070312,2729
2011-11-11,917.0499877929688,1973
2011-11-14,913.7999877929688,3513
2011-11-15,897.2000122070312,3643
2011-11-16,889.7000122070312,3633
2011-11-17,887.3499755859375,628
2011-11-18,879.5999755859375,947
2011-11-21,875.9500122070312,2093
2011-11-22,874.75,987
2011-11-23,872.4000244140625,1063
2011-11-24,884.4500122070312,1679
2011-11-25,882.7000122070312,364
2011-11-28,894.9000244140625,406
2011-11-29,884.8499755859375,638
2011-11-30,946.4000244140625,3337
2011-12-01,910.0499877929688,2647
2011-12-02,894.7000122070312,6786
2011-12-05,932.75,2988
2011-12-07,920.1500244140625,1966
2011-12-08,916.7000122070312,1233
2011-12-09,913.2999877929688,647
2011-12-12,884.75,2798
2011-12-13,871.2000122070312,1381
2011-12-14,895.5999755859375,1601
2011-12-15,880.75,1520
2011-12-16,885.9500122070312,658
2011-12-19,858.0999755859375,1286
2011-12-20,835.2000122070312,57174
2011-12-21,839.75,6650
2011-12-22,835.2000122070312,2525
2011-12-23,826.2000122070312,8597
2011-12-26,824.4500122070312,4610
2011-12-27,808.3499755859375,9619
2011-12-28,804.1500244140625,2985
2011-12-29,803.4000244140625,2421
2011-12-30,801.9000244140625,1134
2012-01-02,844.75,1428
2012-01-03,842.1500244140625,1065
2012-01-04,830.5999755859375,1879
2012-01-05,814.7999877929688,1155
2012-01-06,800.4500122070312,25414
2012-01-09,804.6500244140625,3714
2012-01-10,804.3499755859375,371418
2012-01-11,808.0499877929688,35813
2012-01-12,838.5,19520
2012-01-13,835.0999755859375,5556
2012-01-16,846.2000122070312,13217
2012-01-17,843.0,5285
2012-01-18,856.5999755859375,12041
2012-01-19,872.9500122070312,3525
2012-01-20,887.8499755859375,13997
2012-01-23,903.2000122070312,14469
2012-01-24,900.5499877929688,10903
2012-01-25,907.5,3374
2012-01-27,939.6500244140625,12885
2012-01-30,938.0999755859375,21710
2012-01-31,945.0,4632
2012-02-01,936.5,6324
2012-02-02,948.7000122070312,11005
2012-02-03,1002.5499877929688,34577
2012-02-06,950.7000122070312,30709
2012-02-07,941.75,31908
2012-02-08,960.5499877929688,18241
2012-02-09,984.75,24606
2012-02-10,1005.0,81966
2012-02-13,1005.7999877929688,7537
2012-02-14,1026.5999755859375,6706
2012-02-15,1064.6500244140625,139988
2012-02-16,1058.5,3962
2012-02-17,1057.1500244140625,14200
2012-02-21,1067.75,13987
2012-02-22,1070.3499755859375,11809
2012-02-23,1071.8499755859375,13082
2012-02-24,1072.5999755859375,2701
2012-02-27,1071.300048828125,8635
2012-02-28,1083.75,3510
2012-02-29,1099.800048828125,6141
2012-03-01,1090.5999755859375,4249
2012-03-02,1133.3499755859375,15905
2012-03-05,1125.9000244140625,4971
2012-03-06,1099.5,10268
2012-03-07,1094.699951171875,3059
2012-03-09,1088.449951171875,5508
2012-03-12,1105.699951171875,5427
2012-03-13,1122.0999755859375,4646
2012-03-14,1088.6500244140625,7054
2012-03-15,1091.050048828125,892
2012-03-16,1100.449951171875,2882
2012-03-19,1065.949951171875,6433
2012-03-20,1054.699951171875,431
2012-03-21,1076.449951171875,1360
2012-03-22,1076.800048828125,6509
2012-03-23,1087.0,1970
2012-03-26,1075.949951171875,1625
2012-03-27,1087.449951171875,1585
2012-03-28,1087.1500244140625,2029
2012-03-29,1092.449951171875,472
2012-03-30,1121.699951171875,12516
2012-04-02,1146.9000244140625,4207
2012-04-03,1192.1500244140625,7417
2012-04-04,1240.199951171875,25432
2012-04-09,1243.699951171875,7953
2012-04-10,1221.699951171875,5067
2012-04-11,1249.4000244140625,4050
2012-04-12,1227.8499755859375,3425
2012-04-13,1208.9000244140625,3339
2012-04-16,1211.6500244140625,3602
2012-04-17,1220.550048828125,3830
2012-04-18,1206.75,919
2012-04-19,1184.25,1109
2012-04-20,1157.050048828125,4679
2012-04-23,1143.199951171875,1797
2012-04-24,1130.8499755859375,2321
2012-04-25,1120.1500244140625,1017
2012-04-26,1101.050048828125,2637
2012-04-27,1113.050048828125,655
2012-04-30,1119.699951171875,524
2012-05-02,1128.949951171875,1639
2012-05-03,1125.800048828125,1081
2012-05-04,1098.1500244140625,1095
2012-05-07,1114.0,1416
2012-05-08,1088.6500244140625,1432
2012-05-09,1077.75,4974
2012-05-10,1083.3499755859375,3607
2012-05-11,1135.800048828125,27409
2012-05-14,1143.550048828125,8690
2012-05-15,1138.949951171875,7164
2012-05-16,1117.0,3534
2012-05-17,1122.5999755859375,887
2012-05-18,1145.5999755859375,4678
2012-05-21,1150.300048828125,4400
2012-05-22,1145.0999755859375,13088
2012-05-23,1148.3499755859375,6665
2012-05-24,1140.0,9505
2012-05-25,1162.050048828125,2147
2012-05-28,1174.050048828125,2014
2012-05-29,1197.949951171875,3862
2012-05-30,1175.699951171875,8545
2012-05-31,1191.699951171875,5019
2012-06-01,1172.800048828125,945
2012-06-04,1165.1500244140625,1255
2012-06-05,1158.0999755859375,997
2012-06-06,1151.5999755859375,999
2012-06-07,1176.5,9010
2012-06-08,1197.5,4256
2012-06-11,1206.5,6366
2012-06-12,1219.8499755859375,3430
2012-06-13,1228.9000244140625,1485
2012-06-14,1223.6500244140625,1681
2012-06-15,1225.0999755859375,4296
2012-06-18,1226.5999755859375,3667
2012-06-19,1224.550048828125,3579
2012-06-20,1236.5999755859375,3242
2012-06-21,1246.9000244140625,6514
2012-06-22,1258.25,9537
2012-06-25,1280.9000244140625,5021
2012-06-26,1300.6500244140625,14116
2012-06-27,1301.1500244140625,3287
2012-06-28,1305.0,3415
2012-06-29,1323.0,10467
2012-07-02,1330.25,3737
2012-07-03,1313.25,4732
2012-07-04,1290.5999755859375,2497
2012-07-05,1290.300048828125,1485
2012-07-06,1255.0999755859375,6066
2012-07-09,1228.0999755859375,2119
2012-07-10,1213.75,3458
2012-07-11,1218.550048828125,1480
2012-07-12,1211.949951171875,6567
2012-07-13,1213.050048828125,5324
2012-07-16,1212.0999755859375,1620
2012-07-17,1234.25,2039
2012-07-18,1222.6500244140625,1192
2012-07-19,1231.449951171875,1118
2012-07-20,1229.4000244140625,892
2012-07-23,1200.949951171875,2185
2012-07-24,1202.5,2481
2012-07-25,1201.0999755859375,1166
2012-07-26,1226.800048828125,2405
2012-07-27,1181.9000244140625,2472
2012-07-30,1183.25,1065
2012-07-31,1207.25,1451
2012-08-01,1189.8499755859375,633
2012-08-02,1179.75,4551
2012-08-03,1221.25,33421
2012-08-06,1203.6500244140625,3365
2012-08-07,1194.949951171875,1618
2012-08-08,1182.050048828125,899
2012-08-09,1170.800048828125,2435
2012-08-10,1170.25,5756
2012-08-13,1163.449951171875,2378
2012-08-14,1168.25,801
2012-08-16,1163.449951171875,3374
2012-08-17,1162.8499755859375,1790
2012-08-21,1155.199951171875,1344
2012-08-22,1147.300048828125,995
2012-08-23,1165.300048828125,13146
2012-08-24,1169.1500244140625,2340
2012-08-27,1164.949951171875,598
2012-08-28,1160.050048828125,2194
2012-08-29,1148.050048828125,573
2012-08-30,1134.3499755859375,6692
2012-08-31,1168.550048828125,2647
2012-09-03,1177.3499755859375,764
2012-09-04,1167.5,1361
2012-09-05,1152.300048828125,303
2012-09-06,1152.3499755859375,494
2012-09-07,1166.75,1614
2012-09-10,1164.8499755859375,283
2012-09-11,1165.8499755859375,2607
2012-09-12,1168.199951171875,3000
2012-09-13,1176.949951171875,3177
2012-09-14,1190.300048828125,2398
2012-09-17,1177.0999755859375,2330
2012-09-18,1192.1500244140625,2074
2012-09-20,1199.3499755859375,2422
2012-09-21,1215.699951171875,24742
2012-09-24,1212.699951171875,17342
2012-09-25,1214.6500244140625,908
2012-09-26,1214.949951171875,52877
2012-09-27,1236.0999755859375,18570
2012-09-28,1299.550048828125,15899
2012-10-01,1287.199951171875,5658
2012-10-03,1271.5,4194
2012-10-04,1293.550048828125,8770
2012-10-05,1284.4000244140625,3626
2012-10-08,1292.5999755859375,1392
2012-10-09,1309.550048828125,3209
2012-10-10,1343.0999755859375,29785
2012-10-11,1341.6500244140625,4683
2012-10-12,1334.1500244140625,2559
2012-10-15,1357.25,4634
2012-10-16,1381.1500244140625,8941
2012-10-17,1384.800048828125,2616
2012-10-18,1386.4000244140625,1480
2012-10-19,1387.9000244140625,2986
2012-10-22,1391.3499755859375,6355
2012-10-23,1386.300048828125,598
2012-10-25,1354.0999755859375,6193
2012-10-29,1363.3499755859375,809
2012-10-30,1355.3499755859375,2585
2012-10-31,1364.949951171875,618
2012-11-01,1358.050048828125,1177
2012-11-02,1370.0,14975
2012-11-05,1347.550048828125,9898
2012-11-06,1334.699951171875,2216
2012-11-07,1321.25,12510
2012-11-08,1322.5999755859375,1802
2012-11-09,1339.9000244140625,795
2012-11-12,1342.550048828125,1618
2012-11-15,1321.5,1019
2012-11-16,1322.9000244140625,2702
2012-11-19,1317.699951171875,676
2012-11-20,1284.199951171875,6531
2012-11-21,1257.1500244140625,2283
2012-11-22,1296.4000244140625,5837
2012-11-23,1288.0999755859375,2213
2012-11-26,1290.6500244140625,892
2012-11-27,1277.8499755859375,4167
2012-11-29,1302.199951171875,6167
2012-11-30,1319.3499755859375,4043
2012-12-03,1577.0999755859375,313560
2012-12-04,1425.949951171875,109962
2012-12-05,1395.550048828125,22976
2012-12-06,1384.5,16372
2012-12-07,1408.550048828125,24776
2012-12-10,1410.1500244140625,10442
2012-12-11,1471.75,83770
2012-12-12,1447.9000244140625,17262
2012-12-13,1426.8499755859375,8462
2012-12-14,1436.949951171875,16136
2012-12-17,1451.3499755859375,10610
2012-12-18,1441.0,2803
2012-12-19,1475.9000244140625,13368
2012-12-20,1468.9000244140625,7257
2012-12-21,1462.699951171875,3808
2012-12-24,1477.25,6306
2012-12-26,1453.449951171875,18039
2012-12-27,1455.0999755859375,2754
2012-12-28,1465.9000244140625,7691
2012-12-31,1485.550048828125,14976
2013-01-01,1488.25,17650
2013-01-02,1475.449951171875,2048
2013-01-03,1451.25,4361
2013-01-04,1447.25,2390
2013-01-07,1447.449951171875,10087
2013-01-08,1443.0,25548
2013-01-09,1431.949951171875,1272
2013-01-10,1412.9000244140625,1393
2013-01-11,1396.1500244140625,3014
2013-01-14,1398.9000244140625,5965
2013-01-15,1418.0,14956
2013-01-16,1418.8499755859375,2557
2013-01-17,1444.550048828125,3048
2013-01-18,1444.9000244140625,1863
2013-01-21,1448.199951171875,10446
2013-01-22,1434.199951171875,718
2013-01-23,1421.6500244140625,1881
2013-01-24,1433.25,2179
2013-01-25,1440.050048828125,1996
2013-01-28,1360.0999755859375,37527
2013-01-29,1303.3499755859375,7492
2013-01-30,1301.949951171875,7161
2013-01-31,1297.050048828125,3297
2013-02-01,1275.8499755859375,1530
2013-02-04,1258.0999755859375,2495
2013-02-05,1264.949951171875,4431
2013-02-06,1272.6500244140625,3161
2013-02-07,1262.8499755859375,2868
2013-02-08,1266.550048828125,22640
2013-02-11,1265.1500244140625,1549
2013-02-12,1249.199951171875,2241
2013-02-13,1243.0,26841
2013-02-14,1239.4000244140625,2459
2013-02-15,1256.4000244140625,1804
2013-02-18,1269.75,2576
2013-02-19,1305.6500244140625,2440
2013-02-20,1282.6500244140625,3014
2013-02-21,1268.199951171875,9092
2013-02-22,1268.949951171875,3468
2013-02-25,1240.550048828125,4270
2013-02-26,1228.3499755859375,4378
2013-02-27,1219.8499755859375,14416
2013-02-28,1199.949951171875,1953
2013-03-01,1198.050048828125,1272
2013-03-04,1151.3499755859375,9570
2013-03-05,1148.550048828125,2847
2013-03-06,1126.3499755859375,11585
2013-03-07,1095.949951171875,9783
2013-03-08,1089.0999755859375,12194
2013-03-11,1086.9000244140625,3954
2013-03-12,1089.0,1907
2013-03-13,1081.550048828125,4285
2013-03-14,1060.75,5043
2013-03-15,1050.4000244140625,2884
2013-03-18,1058.8499755859375,2540
2013-03-19,1050.0,4690
2013-03-20,1037.9000244140625,4116
2013-03-21,1026.699951171875,2437
2013-03-22,1011.1500244140625,10515
2013-03-25,1017.5999755859375,14995
2013-03-26,1006.3499755859375,14986
2013-03-28,1009.9000244140625,34437
2013-04-01,1042.6500244140625,914
2013-04-02,1104.75,23353
2013-04-03,1112.0,56518
2013-04-04,1065.949951171875,2581
2013-04-05,1054.75,2102
2013-04-08,1054.550048828125,14402
2013-04-09,1032.0,622
2013-04-10,1029.75,2790
2013-04-11,1029.1500244140625,4413
2013-04-12,1029.449951171875,3076
2013-04-15,1028.699951171875,1447
2013-04-16,1031.8499755859375,1999
2013-04-17,1027.449951171875,25891
2013-04-18,1016.4000244140625,2544
2013-04-22,1018.1500244140625,977
2013-04-23,1018.8499755859375,3787
2013-04-25,1021.1500244140625,6718
2013-04-26,1020.9500122070312,29775
2013-04-29,1034.050048828125,37006
2013-04-30,1050.699951171875,38142
2013-05-02,1069.949951171875,39296
2013-05-03,1073.550048828125,47526
2013-05-06,1071.0999755859375,48351
2013-05-07,1070.949951171875,30164
2013-05-08,1130.5999755859375,54099
2013-05-09,1117.050048828125,37660
2013-05-10,1104.3499755859375,49807
2013-05-13,1069.9000244140625,22437
2013-05-14,1064.5999755859375,33572
2013-05-15,1070.4000244140625,20025
2013-05-16,1060.3499755859375,27529
2013-05-17,1074.050048828125,3943
2013-05-20,1064.9000244140625,18141
2013-05-21,1061.550048828125,24491
2013-05-22,1032.5,20489
2013-05-23,991.2999877929688,15236
2013-05-24,984.2999877929688,11454
2013-05-27,993.0499877929688,14313
2013-05-28,996.0499877929688,36883
2013-05-29,993.5499877929688,6022
2013-05-30,995.25,18787
2013-05-31,964.6500244140625,62023
2013-06-03,1091.300048828125,116776
2013-06-04,1011.5999755859375,120461
2013-06-05,1005.6500244140625,34082
2013-06-06,1013.4000244140625,17205
2013-06-07,1004.0499877929688,7644
2013-06-10,998.9500122070312,7449
2013-06-11,985.3499755859375,9855
2013-06-12,986.2999877929688,4527
2013-06-13,982.0999755859375,19924
2013-06-14,988.5999755859375,1146
2013-06-17,1024.0,80603
2013-06-18,1011.25,15074
2013-06-19,996.0,22426
2013-06-20,989.8499755859375,9222
2013-06-21,993.7000122070312,12371
2013-06-24,988.2999877929688,20977
2013-06-25,979.6500244140625,16822
2013-06-26,963.9500122070312,8347
2013-06-27,960.7000122070312,7542
2013-06-28,1014.4500122070312,20552
2013-07-01,988.7999877929688,6333
2013-07-02,1000.5999755859375,12081
2013-07-03,1007.0999755859375,4575
2013-07-04,994.5,2210
2013-07-05,1009.5499877929688,6422
2013-07-08,997.25,1450
2013-07-09,1010.9500122070312,31456
2013-07-10,1036.8499755859375,17897
2013-07-11,1032.050048828125,12475
2013-07-12,1044.699951171875,11383
2013-07-15,1064.6500244140625,38441
2013-07-16,1047.4000244140625,909
2013-07-17,1082.75,23820
2013-07-18,1087.9000244140625,10260
2013-07-19,1083.6500244140625,3664
2013-07-22,1115.5,21789
2013-07-23,1139.4000244140625,12285
2013-07-24,1131.050048828125,13045
2013-07-25,1102.550048828125,13865
2013-07-26,1117.0,56004
2013-07-29,1144.0999755859375,38981
2013-07-30,1149.550048828125,7479
2013-07-31,1116.449951171875,10884
2013-08-01,1100.5999755859375,4128
2013-08-02,1154.8499755859375,28082
2013-08-05,1139.8499755859375,5549
2013-08-06,1124.8499755859375,5711
2013-08-07,1145.25,4303
2013-08-08,1154.699951171875,10015
2013-08-12,1178.75,6275
2013-08-13,1168.699951171875,8262
2013-08-14,1214.949951171875,5571
2013-08-16,1219.4000244140625,15275
2013-08-19,1208.75,2604
2013-08-20,1199.6500244140625,6171
2013-08-21,1185.1500244140625,2836
2013-08-22,1184.9000244140625,4379
2013-08-23,1185.800048828125,6942
2013-08-26,1178.800048828125,2353
2013-08-27,1127.1500244140625,1941
2013-08-28,1144.050048828125,6973
2013-08-29,1155.4000244140625,2312
2013-08-30,1164.8499755859375,2101
2013-09-02,1171.4000244140625,1062
2013-09-03,1167.25,6536
2013-09-04,1165.9000244140625,6868
2013-09-05,1170.5,5716
2013-09-06,1185.0,12029
2013-09-10,1156.3499755859375,5386
2013-09-11,1175.75,31842
2013-09-12,1185.1500244140625,31478
2013-09-13,1171.449951171875,9735
2013-09-16,1153.25,7738
2013-09-17,1142.800048828125,4465
2013-09-18,1115.8499755859375,8551
2013-09-19,1125.3499755859375,12885
2013-09-20,1169.25,7931
2013-09-23,1165.9000244140625,8011
2013-09-24,1150.9000244140625,5316
2013-09-25,1160.1500244140625,7177
2013-09-26,1149.300048828125,5243
2013-09-27,1149.3499755859375,7639
2013-09-30,1167.4000244140625,14334
2013-10-01,1159.050048828125,1036
2013-10-03,1160.800048828125,1148
2013-10-04,1160.050048828125,712
2013-10-07,1159.699951171875,870
2013-10-08,1156.75,1016
2013-10-09,1165.050048828125,798
2013-10-10,1226.9000244140625,13294
2013-10-11,1256.449951171875,17500
2013-10-14,1258.9000244140625,3943
2013-10-15,1248.949951171875,3019
2013-10-17,1240.199951171875,5450
2013-10-18,1225.3499755859375,25001
2013-10-21,1233.949951171875,3813
2013-10-22,1215.300048828125,3732
2013-10-23,1210.949951171875,8194
2013-10-24,1236.9000244140625,25749
2013-10-25,1233.699951171875,1322
2013-10-28,1278.75,6824
2013-10-29,1280.4000244140625,3247
2013-10-30,1294.1500244140625,3617
2013-10-31,1304.1500244140625,6355
2013-11-01,1302.449951171875,7216
2013-11-05,1347.5999755859375,7734
2013-11-06,1313.550048828125,4929
2013-11-07,1300.550048828125,2699
2013-11-08,1313.050048828125,2118
2013-11-11,1318.5999755859375,2035
2013-11-12,1331.1500244140625,6941
2013-11-13,1355.75,9490
2013-11-14,1422.3499755859375,52117
2013-11-18,1482.800048828125,38983
2013-11-19,1487.050048828125,10832
2013-11-20,1536.449951171875,116223
2013-11-21,1622.199951171875,173794
2013-11-22,1630.550048828125,66580
2013-11-25,1614.199951171875,37939
2013-11-26,1500.6500244140625,40273
2013-11-27,1590.949951171875,51207
2013-11-28,1581.0,15000
2013-11-29,1566.0999755859375,5373
2013-12-02,1540.1500244140625,4317
2013-12-03,1518.3499755859375,5666
2013-12-04,1526.3499755859375,15572
2013-12-05,1539.75,9522
2013-12-06,1539.800048828125,6462
2013-12-09,1557.800048828125,3383
2013-12-10,1547.550048828125,2732
2013-12-11,1586.75,10067
2013-12-12,1568.6500244140625,2902
2013-12-13,1548.4000244140625,1579
2013-12-16,1537.3499755859375,1643
2013-12-17,1552.5999755859375,2513
2013-12-18,1553.800048828125,3962
2013-12-19,1564.9000244140625,2762
2013-12-20,1578.1500244140625,6258
2013-12-23,1582.550048828125,3186
2013-12-24,1591.300048828125,6863
2013-12-26,1614.3499755859375,14723
2013-12-27,1587.550048828125,5349
2013-12-30,1569.949951171875,5844
2013-12-31,1637.199951171875,39731
2014-01-01,1599.0999755859375,12698
2014-01-02,1563.8499755859375,4161
2014-01-03,1524.0999755859375,8306
2014-01-06,1551.300048828125,10910
2014-01-07,1542.050048828125,1308
2014-01-08,1591.4000244140625,9134
2014-01-09,1584.199951171875,10027
2014-01-10,1592.699951171875,9940
2014-01-13,1621.199951171875,6469
2014-01-14,1591.0999755859375,1402
2014-01-15,1612.800048828125,7168
2014-01-16,1585.0999755859375,1744
2014-01-17,1577.5999755859375,2094
2014-01-20,1583.8499755859375,1188
2014-01-21,1565.800048828125,7670
2014-01-22,1574.1500244140625,4399
2014-01-23,1571.3499755859375,1658
2014-01-24,1556.949951171875,1280
2014-01-27,1542.800048828125,3877
2014-01-28,1550.9000244140625,2583
2014-01-29,1529.5,1126
2014-01-30,1525.199951171875,716
2014-01-31,1559.199951171875,3252
2014-02-03,1554.6500244140625,1054
2014-02-04,1560.4000244140625,1962
2014-02-05,1567.3499755859375,10742
2014-02-06,1569.6500244140625,4583
2014-02-07,1573.6500244140625,1868
2014-02-10,1561.6500244140625,1170
2014-02-11,1573.9000244140625,2610
2014-02-12,1563.550048828125,1530
2014-02-13,1565.0999755859375,1410
2014-02-14,1552.449951171875,884
2014-02-17,1537.800048828125,1277
2014-02-18,1522.300048828125,2338
2014-02-19,1524.0999755859375,580
2014-02-20,1516.199951171875,1611
2014-02-21,1588.0,12752
2014-02-24,1905.5999755859375,65720
2014-02-25,1900.5999755859375,86272
2014-02-26,1883.5999755859375,13518
2014-02-28,1877.449951171875,6532
2014-03-03,1875.75,6259
2014-03-04,1877.4000244140625,3872
2014-03-05,1872.699951171875,5006
2014-03-06,1870.0,1174
2014-03-07,1864.199951171875,7366
2014-03-10,1852.550048828125,10513
2014-03-11,1854.25,3571
2014-03-12,1854.300048828125,6247
2014-03-13,1860.550048828125,2736
2014-03-14,1879.9000244140625,2055
2014-03-18,1889.800048828125,4368
2014-03-19,1890.0999755859375,4084
2014-03-20,1884.0,2932
2014-03-21,1885.550048828125,1725
2014-03-24,1891.0999755859375,3194
2014-03-25,1881.0999755859375,2038
2014-03-26,1881.5999755859375,1253
2014-03-27,1890.4000244140625,3572
2014-03-28,1884.25,984
2014-03-31,1898.0999755859375,6781
2014-04-01,1887.25,868
2014-04-02,1900.699951171875,6191
2014-04-03,1899.449951171875,1306
2014-04-04,1900.199951171875,3277
2014-04-07,1898.6500244140625,1674
2014-04-09,1895.9000244140625,1505
2014-04-10,1899.3499755859375,2562
2014-04-11,1892.3499755859375,2560
2014-04-15,1884.1500244140625,1358
2014-04-16,1881.0,726
2014-04-17,1881.6500244140625,1211
2014-04-21,1876.25,4065
2014-04-22,1885.050048828125,564
2014-04-23,1889.4000244140625,2217
2014-04-24,1889.4000244140625,0
2014-04-25,1886.0999755859375,320
2014-04-28,1888.6500244140625,378
2014-04-29,1875.199951171875,755
2014-04-30,1872.3499755859375,1372
2014-05-02,1877.0,2157
2014-05-05,1866.949951171875,1019
2014-05-06,1873.449951171875,751
2014-05-07,1870.0,954
2014-05-08,1877.1500244140625,1267
2014-05-09,1907.0999755859375,3487
2014-05-12,1899.199951171875,6917
2014-05-13,1899.0999755859375,2921
2014-05-14,1904.75,11144
2014-05-15,1884.0999755859375,4488
2014-05-16,1887.6500244140625,9580
2014-05-19,1909.9000244140625,19137
2014-05-20,1931.300048828125,33787
2014-05-21,1962.550048828125,30448
2014-05-22,1989.5,14055
2014-05-23,2000.0,23193
2014-05-26,2000.0,13888
2014-05-27,2000.300048828125,6456
2014-05-28,2351.550048828125,135850
2014-05-29,2351.050048828125,41783
2014-05-30,2350.550048828125,10621
2014-06-02,2350.300048828125,11372
2014-06-03,2349.75,3124
2014-06-04,2350.0,6687
2014-06-05,2350.0,9279
2014-06-06,2350.0,29341
2014-06-09,2336.14990234375,101779
2014-06-10,2361.0,21454
2014-06-11,2350.199951171875,8443
2014-06-12,2358.35009765625,15686
2014-06-13,2350.050048828125,28770
2014-06-16,2300.60009765625,3835
2014-06-17,2345.800048828125,2597
2014-06-18,2349.050048828125,1348
2014-06-19,2365.800048828125,2194
2014-06-20,2624.300048828125,84354
2014-06-23,2666.0,65046
2014-06-24,2675.75,13380
2014-06-25,2645.60009765625,6797
2014-06-26,2634.25,5447
2014-06-27,2629.14990234375,5560
2014-06-30,2638.800048828125,10015
2014-07-01,2600.800048828125,2880
2014-07-02,2629.25,7646
2014-07-03,2703.300048828125,36942
2014-07-04,2888.64990234375,28084
2014-07-07,3060.5,46458
2014-07-08,2973.800048828125,26810
2014-07-09,2885.39990234375,5999
2014-07-10,2856.449951171875,4742
2014-07-11,2714.85009765625,4785
2014-07-14,2727.300048828125,6474
2014-07-15,2727.800048828125,5016
2014-07-16,2759.89990234375,17736
2014-07-17,2783.39990234375,5979
2014-07-18,2846.800048828125,24103
2014-07-21,2779.300048828125,3589
2014-07-22,2751.5,5183
2014-07-23,2735.89990234375,2399
2014-07-24,2736.60009765625,5970
2014-07-25,2722.949951171875,3283
2014-07-28,2694.800048828125,2492
2014-07-30,2649.050048828125,24829
2014-07-31,2638.89990234375,5018
2014-08-01,2622.5,6277
2014-08-04,2645.35009765625,3047
2014-08-05,2647.0,4012
2014-08-06,2638.050048828125,2361
2014-08-07,2612.800048828125,9666
2014-08-08,2602.199951171875,15380
2014-08-11,2599.050048828125,23924
2014-08-12,2603.60009765625,2108
2014-08-13,2603.699951171875,4961
2014-08-14,2577.60009765625,1481
2014-08-18,2596.39990234375,14444
2014-08-19,2599.199951171875,3639
2014-08-20,2604.10009765625,1211
2014-08-21,2599.39990234375,3203
2014-08-22,2596.39990234375,1227
2014-08-25,2588.050048828125,3190
2014-08-26,2598.800048828125,3298
2014-08-27,2588.64990234375,1429
2014-08-28,2604.64990234375,1187
2014-09-01,2598.14990234375,1300
2014-09-02,2597.300048828125,2157
2014-09-03,2586.5,7018
2014-09-04,2595.10009765625,2406
2014-09-05,2596.10009765625,1112
2014-09-08,2597.85009765625,4244
2014-09-09,2599.199951171875,1964
2014-09-10,2593.050048828125,2384
2014-09-11,2593.199951171875,2800
2014-09-12,2594.89990234375,4515
2014-09-15,2624.64990234375,878
2014-09-16,2574.550048828125,4177
2014-09-17,2559.39990234375,825
2014-09-18,2599.39990234375,3019
2014-09-19,2742.699951171875,36318
2014-09-22,2809.64990234375,21390
2014-09-23,2764.85009765625,10041
2014-09-24,2675.25,3393
2014-09-25,2618.85009765625,3623
2014-09-26,2600.60009765625,1404
2014-09-29,2623.949951171875,1756
2014-09-30,2619.449951171875,5205
2014-10-01,2590.14990234375,2933
2014-10-07,2584.85009765625,1430
2014-10-08,2589.050048828125,1082
2014-10-09,2576.800048828125,1442
2014-10-10,2558.75,681
2014-10-13,2550.0,917
2014-10-14,2559.449951171875,733
2014-10-15,2559.449951171875,0
2014-10-16,2553.64990234375,810
2014-10-17,2537.10009765625,764
2014-10-20,2551.60009765625,296
2014-10-21,2561.699951171875,756
2014-10-22,2626.64990234375,1733
2014-10-27,2644.5,397
2014-10-28,2596.449951171875,1732
2014-10-29,2576.550048828125,2127
2014-10-30,2581.5,541
2014-10-31,2611.5,729
2014-11-03,2701.60009765625,2178
2014-11-05,2698.75,1393
2014-11-07,2741.949951171875,1988
2014-11-10,2753.5,3746
2014-11-11,2749.35009765625,1548
2014-11-12,2743.0,1323
2014-11-13,2613.550048828125,6546
2014-11-14,2600.89990234375,1635
2014-11-17,2712.60009765625,11843
2014-11-18,2614.550048828125,5624
2014-11-19,2587.64990234375,2981
2014-11-20,2593.550048828125,730
2014-11-21,2591.5,1478
2014-11-24,2595.5,971
2014-11-25,2577.699951171875,706
2014-11-26,2622.449951171875,1627
2014-11-27,2639.64990234375,831
2014-11-28,2696.5,2672
2014-12-01,2705.199951171875,1898
2014-12-02,2713.39990234375,530
2014-12-03,2741.949951171875,784
2014-12-04,2780.449951171875,2801
2014-12-05,2744.949951171875,2204
2014-12-08,2744.5,1281
2014-12-09,2742.050048828125,1240
2014-12-10,2746.5,392
2014-12-11,2735.550048828125,749
2014-12-12,2730.050048828125,1904
2014-12-15,2724.89990234375,1135
2014-12-16,2689.75,2668
2014-12-17,2716.5,6930
2014-12-18,2733.10009765625,2025
2014-12-19,2748.10009765625,6364
2014-12-22,2817.75,11155
2014-12-23,2819.800048828125,4374
2014-12-24,2846.75,2957
2014-12-26,2865.75,7624
2014-12-29,2939.050048828125,5822
2014-12-30,2993.10009765625,5044
2014-12-31,3221.050048828125,20375
2015-01-01,3223.35009765625,4298
2015-01-02,3234.199951171875,2176
2015-01-05,3294.60009765625,2236
2015-01-06,3211.25,4379
2015-01-07,3228.35009765625,1832
2015-01-08,3250.949951171875,5003
2015-01-09,3250.64990234375,9166
2015-01-12,3285.10009765625,1274
2015-01-13,3283.39990234375,1037
2015-01-14,3238.64990234375,1813
2015-01-15,3249.949951171875,897
2015-01-16,3272.449951171875,1394
2015-01-19,3313.60009765625,3657
2015-01-20,3312.10009765625,1105
2015-01-21,3302.64990234375,916
2015-01-22,3300.300048828125,1954
2015-01-23,3300.60009765625,1913
2015-01-27,3300.0,2699
2015-01-28,3302.10009765625,1419
2015-01-29,3318.35009765625,3782
2015-01-30,3359.85009765625,7277
2015-02-02,3303.64990234375,1584
2015-02-03,3311.75,607
2015-02-04,3303.35009765625,1276
2015-02-05,3300.199951171875,2631
2015-02-06,3299.949951171875,1873
2015-02-09,3297.5,2115
2015-02-10,3308.050048828125,1740
2015-02-11,3313.89990234375,830
2015-02-12,3406.14990234375,1783
2015-02-13,3643.949951171875,16890
2015-02-16,3636.35009765625,6555
2015-02-18,3571.60009765625,2270
2015-02-19,3553.800048828125,5745
2015-02-20,3673.10009765625,4284
2015-02-23,3658.949951171875,7132
2015-02-24,3667.050048828125,2861
2015-02-25,3690.85009765625,1470
2015-02-26,3694.800048828125,2021
2015-02-27,3778.14990234375,2075
2015-03-02,3842.949951171875,3324
2015-03-03,3852.300048828125,4071
2015-03-04,3883.89990234375,3858
2015-03-05,3939.89990234375,1714
2015-03-09,3930.10009765625,881
2015-03-10,3872.14990234375,1565
2015-03-11,3879.699951171875,1986
2015-03-12,3941.64990234375,2599
2015-03-13,3978.35009765625,2551
2015-03-16,3980.050048828125,1909
2015-03-17,3986.64990234375,4326
2015-03-18,4048.449951171875,3483
2015-03-19,3993.949951171875,801
2015-03-20,3995.39990234375,1605
2015-03-23,3987.0,4283
2015-03-24,4000.75,792
2015-03-25,3996.050048828125,1232
2015-03-26,3994.5,751
2015-03-27,3990.199951171875,2268
2015-03-30,4000.39990234375,1268
2015-03-31,4009.199951171875,251
2015-04-01,4112.35009765625,2644
2015-04-06,4194.75,4431
2015-04-07,4173.4501953125,744
2015-04-08,4240.0,4518
2015-04-09,4466.60009765625,4824
2015-04-10,4688.64990234375,14388
2015-04-13,4783.2998046875,2963
2015-04-15,4709.7998046875,2924
2015-04-16,4744.35009765625,4821
2015-04-17,4716.85009765625,5957
2015-04-20,4709.85009765625,4402
2015-04-21,4629.0498046875,2780
2015-04-22,4611.75,2428
2015-04-23,4659.5498046875,11163
2015-04-24,4634.7001953125,4693
2015-04-27,4436.7998046875,3429
2015-04-28,4466.89990234375,1697
2015-04-29,4421.5498046875,4065
2015-04-30,4389.2998046875,5107
2015-05-04,4446.25,2174
2015-05-05,4429.4501953125,3585
2015-05-06,4298.35009765625,2527
2015-05-07,4294.9501953125,2624
2015-05-08,4304.0498046875,7536
2015-05-11,4376.0498046875,3860
2015-05-12,4298.2001953125,5194
2015-05-13,4279.2001953125,3222
2015-05-14,4188.7001953125,5679
2015-05-15,4179.4501953125,2004
2015-05-18,4170.60009765625,4928
2015-05-19,4144.0,3543
2015-05-20,4143.5,3733
2015-05-21,4115.7998046875,3182
2015-05-22,4136.60009765625,8247
2015-05-25,4166.0498046875,1038
2015-05-26,4160.7998046875,2909
2015-05-27,4170.60009765625,5332
2015-05-28,4209.14990234375,2669
2015-05-29,4209.60009765625,3668
2015-06-01,4210.7998046875,2157
2015-06-02,4184.5,2967
2015-06-03,4117.25,7853
2015-06-04,4180.5498046875,1916
2015-06-05,4197.0,2123
2015-06-08,4193.25,2462
2015-06-09,4183.7001953125,1821
2015-06-10,4204.64990234375,3474
2015-06-11,4200.7998046875,2467
2015-06-12,4199.5,2106
2015-06-15,4199.5,3837
2015-06-16,4177.39990234375,1714
2015-06-17,4199.2001953125,1425
2015-06-18,4178.7998046875,3299
2015-06-19,4191.35009765625,805
2015-06-22,4198.7001953125,922
2015-06-23,4191.7998046875,2723
2015-06-24,4191.75,1103
2015-06-25,4199.75,1178
2015-06-26,4198.7998046875,4722
2015-06-29,4191.7001953125,1891
2015-06-30,4252.39990234375,3714
2015-07-01,4247.60009765625,2499
2015-07-02,4346.14990234375,1779
2015-07-03,4340.4501953125,1582
2015-07-06,4348.2998046875,2907
2015-07-07,4379.9501953125,1055
2015-07-08,4287.10009765625,2658
2015-07-09,4263.64990234375,1568
2015-07-10,4298.5,2011
2015-07-13,4308.64990234375,2715
2015-07-14,4287.2001953125,5699
2015-07-15,4346.10009765625,1147
2015-07-16,4393.64990234375,1342
2015-07-17,4422.5498046875,591
2015-07-20,4431.7998046875,1276
2015-07-21,4380.9501953125,2954
2015-07-22,4398.0,1238
2015-07-23,4359.2998046875,1530
2015-07-24,4377.85009765625,428
2015-07-27,4264.7001953125,1119
2015-07-28,4150.25,2124
2015-07-29,4156.7998046875,476
2015-07-30,4291.0,1144
2015-07-31,4360.0,1643
2015-08-03,4382.9501953125,972
2015-08-04,4326.64990234375,955
2015-08-05,4283.85009765625,1653
2015-08-06,4297.85009765625,973
2015-08-07,4300.7998046875,831
2015-08-10,4286.85009765625,526
2015-08-11,4273.10009765625,864
2015-08-12,4277.4501953125,609
2015-08-13,4234.7001953125,1105
2015-08-14,4108.14990234375,10053
2015-08-17,4178.4501953125,1875
2015-08-18,4093.25,3954
2015-08-19,4197.10009765625,2768
2015-08-20,4171.5,3337
2015-08-21,4134.39990234375,1505
2015-08-24,3947.949951171875,4985
2015-08-25,3939.699951171875,1640
2015-08-26,3947.64990234375,969
2015-08-27,3987.449951171875,1453
2015-08-28,3906.5,105154
2015-08-31,3982.14990234375,1739
2015-09-01,3891.35009765625,1565
2015-09-02,3821.199951171875,6093
2015-09-03,3944.85009765625,1393
2015-09-04,3885.550048828125,1474
2015-09-07,3885.85009765625,677
2015-09-08,3900.800048828125,3024
2015-09-09,3947.699951171875,1901
2015-09-10,3968.050048828125,1539
2015-09-11,4066.25,1249
2015-09-14,4073.0,1435
2015-09-15,4012.449951171875,1209
2015-09-16,4026.39990234375,562
2015-09-18,4011.5,966
2015-09-21,3966.550048828125,358
2015-09-22,4009.64990234375,1173
2015-09-23,4021.550048828125,552
2015-09-24,4060.949951171875,393
2015-09-28,4103.7001953125,1855
2015-09-29,4083.75,859
2015-09-30,4060.5,779
2015-10-01,3984.10009765625,6415
2015-10-05,4086.5,1064
2015-10-06,4083.449951171875,1060
2015-10-07,4053.800048828125,1222
2015-10-08,3978.60009765625,1555
2015-10-09,4012.14990234375,5641
2015-10-12,3989.14990234375,644
2015-10-13,3946.300048828125,1313
2015-10-14,3922.449951171875,771
2015-10-15,3906.35009765625,1735
2015-10-16,3946.300048828125,700
2015-10-19,3922.75,911
2015-10-20,3958.75,510
2015-10-21,3925.550048828125,1671
2015-10-23,3927.0,1041
2015-10-26,3931.35009765625,1166
2015-10-27,3959.14990234375,1940
2015-10-28,3923.199951171875,1157
2015-10-29,3879.199951171875,985
2015-10-30,3887.699951171875,973
2015-11-02,3896.89990234375,716
2015-11-03,3922.64990234375,505
2015-11-04,3928.0,852
2015-11-05,3895.050048828125,1003
2015-11-06,3853.0,1992
2015-11-09,3897.35009765625,593
2015-11-10,3890.5,475
2015-11-13,3899.300048828125,432
2015-11-16,3889.300048828125,468
2015-11-17,3919.550048828125,839
2015-11-18,3898.75,390
2015-11-19,3961.699951171875,861
2015-11-20,3923.25,1523
2015-11-23,3938.800048828125,494
2015-11-24,3890.85009765625,1122
2015-11-26,4046.699951171875,2160
2015-11-27,4069.949951171875,550
2015-11-30,4416.9501953125,4994
2015-12-01,4289.14990234375,952
2015-12-02,4274.0,1052
2015-12-03,4290.60009765625,389
2015-12-04,4277.85009765625,681
2015-12-07,4292.85009765625,547
2015-12-08,4273.7998046875,215
2015-12-09,4175.2998046875,692
2015-12-10,4211.39990234375,428
2015-12-11,4190.7001953125,290
2015-12-14,4172.4501953125,543
2015-12-15,4159.5498046875,345
2015-12-16,4140.7001953125,680
2015-12-17,4125.75,631
2015-12-18,4153.25,867
2015-12-21,4189.39990234375,1223
2015-12-22,4278.10009765625,543
2015-12-23,4333.85009765625,2546
2015-12-24,4360.14990234375,850
2015-12-28,4470.60009765625,3727
2015-12-29,4432.35009765625,984
2015-12-30,4423.14990234375,449
2015-12-31,4447.60009765625,1425
2016-01-01,4396.35009765625,728
2016-01-04,4356.10009765625,732
2016-01-05,4417.7001953125,609
2016-01-06,4339.25,748
2016-01-07,4314.10009765625,472
2016-01-08,4303.89990234375,1594
2016-01-11,4204.85009765625,5528
2016-01-12,4160.4501953125,667
2016-01-13,4165.0,865
2016-01-14,4203.5,417
2016-01-15,4166.4501953125,320
2016-01-18,3894.550048828125,2313
2016-01-19,3960.89990234375,4385
2016-01-20,3897.0,1369
2016-01-21,3931.300048828125,416
2016-01-22,3961.64990234375,563
2016-01-25,3940.35009765625,168
2016-01-27,3911.35009765625,952
2016-01-28,3839.699951171875,1059
2016-01-29,3852.949951171875,1659
2016-02-01,3879.75,441
2016-02-02,3864.0,208
2016-02-03,3932.0,11776
2016-02-04,3953.300048828125,995
2016-02-05,3968.699951171875,346
2016-02-08,3912.39990234375,805
2016-02-09,3868.64990234375,1906
2016-02-10,3872.75,1932
2016-02-11,3781.85009765625,4097
2016-02-12,3773.60009765625,1135
2016-02-15,3834.199951171875,874
2016-02-16,3745.449951171875,1248
2016-02-17,3646.699951171875,2673
2016-02-18,3694.699951171875,737
2016-02-19,3769.550048828125,542
2016-02-22,3700.199951171875,1080
2016-02-23,3706.14990234375,319
2016-02-24,3666.60009765625,155
2016-02-25,3670.75,533
2016-02-26,3722.300048828125,2102
2016-02-29,3713.050048828125,660
2016-03-01,3791.14990234375,2840
2016-03-02,3695.050048828125,3563
2016-03-03,3633.550048828125,2126
2016-03-04,3605.85009765625,2024
2016-03-08,3595.60009765625,743
2016-03-09,3621.39990234375,492
2016-03-10,3621.949951171875,864
2016-03-11,3618.35009765625,1061
2016-03-14,3674.89990234375,970
2016-03-15,3583.75,1292
2016-03-16,3540.550048828125,2505
2016-03-17,3516.949951171875,3221
2016-03-18,3559.10009765625,1232
2016-03-21,3502.64990234375,4402
2016-03-22,3507.89990234375,1247
2016-03-23,3694.199951171875,3435
2016-03-28,3774.699951171875,1289
2016-03-29,3804.050048828125,960
2016-03-30,3860.89990234375,1144
2016-03-31,3894.550048828125,3752
2016-04-01,3883.5,419
2016-04-04,3883.35009765625,1479
2016-04-05,3852.5,803
2016-04-06,3829.64990234375,584
2016-04-07,3790.75,12365
2016-04-08,3836.35009765625,476
2016-04-11,3885.449951171875,548
2016-04-12,3930.10009765625,571
2016-04-13,4004.300048828125,2286
2016-04-18,4185.5,9270
2016-04-20,4085.949951171875,3915
2016-04-21,4172.85009765625,1081
2016-04-22,4196.85009765625,4771
2016-04-25,4182.7001953125,372
2016-04-26,4008.0,3747
2016-04-27,3967.800048828125,683
2016-04-28,4061.800048828125,7539
2016-04-29,4139.0,4174
2016-05-02,4125.5,322
2016-05-03,4150.25,829
2016-05-04,4156.0498046875,423
2016-05-05,4151.7998046875,569
2016-05-06,4197.25,720
2016-05-09,4219.25,1164
2016-05-10,4247.14990234375,185
2016-05-11,4233.5498046875,394
2016-05-12,4276.7001953125,336
2016-05-13,4243.60009765625,293
2016-05-16,4345.85009765625,1259
2016-05-17,4322.75,178
2016-05-18,4417.14990234375,5035
2016-05-19,4380.60009765625,5017
2016-05-20,4217.60009765625,4535
2016-05-23,4187.60009765625,312
2016-05-24,4174.85009765625,675
2016-05-25,4205.85009765625,428
2016-05-26,4395.5498046875,3136
2016-05-27,4345.60009765625,785
2016-05-30,4389.2001953125,4194
2016-05-31,4323.39990234375,2025
2016-06-01,4341.64990234375,355
2016-06-02,4321.39990234375,344
2016-06-03,4289.7001953125,535
2016-06-06,4284.5,254
2016-06-07,4263.75,446
2016-06-08,4262.2001953125,783
2016-06-09,4259.2001953125,452
2016-06-10,4261.64990234375,468
2016-06-13,4247.60009765625,400
2016-06-14,4184.10009765625,972
2016-06-15,4166.9501953125,1434
2016-06-16,4276.35009765625,1064
2016-06-17,4258.85009765625,618
2016-06-20,4245.60009765625,591
2016-06-21,4285.39990234375,418
2016-06-22,4288.5,757
2016-06-23,4267.35009765625,848
2016-06-24,4104.89990234375,3767
2016-06-27,4094.39990234375,1108
2016-06-28,3996.64990234375,3443
2016-06-29,4000.10009765625,13027
2016-06-30,4030.35009765625,1290
2016-07-01,4009.800048828125,12249
2016-07-04,4002.39990234375,739
2016-07-05,3950.300048828125,1172
2016-07-07,3936.60009765625,1750
2016-07-08,3889.64990234375,970
2016-07-11,3916.60009765625,1328
2016-07-12,3929.10009765625,1040
2016-07-13,3948.75,6729
2016-07-14,3946.14990234375,5899
2016-07-15,3924.050048828125,1003
2016-07-18,3876.25,629
2016-07-19,3919.949951171875,920
2016-07-20,3922.25,947
2016-07-21,3899.5,827
2016-07-22,3908.85009765625,530
2016-07-25,3874.35009765625,2350
2016-07-26,3835.0,1065
2016-07-27,3773.39990234375,1826
2016-07-28,3751.949951171875,1778
2016-07-29,3701.14990234375,9703
2016-08-01,3640.64990234375,6735
2016-08-02,3678.449951171875,1161
2016-08-03,3649.14990234375,830
2016-08-04,3680.199951171875,726
2016-08-05,3700.699951171875,1270
2016-08-08,3728.89990234375,2823
2016-08-09,3702.14990234375,9115
2016-08-10,3706.550048828125,1766
2016-08-11,3617.199951171875,12810
2016-08-12,3610.39990234375,2312
2016-08-16,3635.75,1937
2016-08-17,3628.89990234375,747
2016-08-18,3628.699951171875,1888
2016-08-19,3599.64990234375,3666
2016-08-22,3600.10009765625,449
2016-08-23,3624.300048828125,407
2016-08-24,3623.14990234375,398
2016-08-25,3585.949951171875,753
2016-08-26,3790.25,87517
2016-08-29,3963.64990234375,18698
2016-08-30,3966.449951171875,9010
2016-08-31,3870.699951171875,2491
2016-09-01,3784.300048828125,1332
2016-09-02,3796.75,25831
2016-09-06,3826.550048828125,31815
2016-09-07,3819.050048828125,684
2016-09-08,3929.300048828125,1997
2016-09-09,3852.0,7093
2016-09-12,3875.75,733
2016-09-14,3848.25,337
2016-09-15,3869.5,332
2016-09-16,3892.300048828125,1153
2016-09-19,3832.050048828125,973
2016-09-20,3795.10009765625,1020
2016-09-21,3841.10009765625,626
2016-09-22,3934.949951171875,1515
2016-09-23,3883.699951171875,956
2016-09-26,3869.5,220
2016-09-27,3872.449951171875,26249
2016-09-28,3903.85009765625,1041
2016-09-29,3891.300048828125,1982
2016-09-30,3922.89990234375,1622
2016-10-03,4081.85009765625,3641
2016-10-04,4096.4501953125,2108
2016-10-05,4112.25,1344
2016-10-06,4078.550048828125,2289
2016-10-07,4166.0,1120
2016-10-10,4197.2998046875,1564
2016-10-13,4152.9501953125,1179
2016-10-14,4107.25,971
2016-10-17,4125.60009765625,1292
2016-10-18,4214.0,120887
2016-10-19,4160.7998046875,1332
2016-10-20,4148.85009765625,717
2016-10-21,4122.5,1102
2016-10-24,4172.2998046875,1044
2016-10-25,4213.0,12313
2016-10-26,4192.75,366
2016-10-27,4296.5498046875,1947
2016-10-28,4253.85009765625,662
2016-11-01,4282.9501953125,850
2016-11-02,4308.0498046875,620
2016-11-03,4274.2001953125,1326
2016-11-04,4153.14990234375,4626
2016-11-07,4082.25,3077
2016-11-08,4049.300048828125,1054
2016-11-09,4154.75,1022
2016-11-10,4209.7001953125,507
2016-11-11,4091.60009765625,1792
2016-11-15,3996.0,1025
2016-11-16,4009.60009765625,579
2016-11-17,3982.550048828125,442
2016-11-18,3946.800048828125,891
2016-11-21,3903.699951171875,961
2016-11-22,3969.800048828125,3163
2016-11-23,3967.89990234375,1356
2016-11-24,3991.39990234375,334
2016-11-25,3989.85009765625,464
2016-11-28,3937.199951171875,835
2016-11-29,3962.449951171875,493
2016-11-30,3962.14990234375,10808
2016-12-01,3925.25,297
2016-12-02,3922.39990234375,499
2016-12-05,3914.75,328
2016-12-06,3959.64990234375,965
2016-12-07,3969.60009765625,433
2016-12-08,3989.39990234375,952
2016-12-09,3958.89990234375,641
2016-12-12,3938.35009765625,564
2016-12-13,3897.89990234375,801
2016-12-14,3894.699951171875,453
2016-12-15,3900.800048828125,386
2016-12-16,3920.0,509
2016-12-19,3934.25,473
2016-12-20,3968.949951171875,567
2016-12-21,3976.39990234375,450
2016-12-22,3967.449951171875,600
2016-12-23,3966.449951171875,889
2016-12-26,3954.60009765625,435
2016-12-27,3951.800048828125,179161
2016-12-28,3984.25,1563
2016-12-29,3983.949951171875,1204
2016-12-30,3984.949951171875,2787
2017-01-02,3992.35009765625,318
2017-01-03,3947.85009765625,10380
2017-01-04,3941.39990234375,2416
2017-01-05,3975.449951171875,524
2017-01-06,3992.699951171875,406
2017-01-09,3979.39990234375,490
2017-01-10,3986.449951171875,1468
2017-01-11,4047.800048828125,809
2017-01-12,4034.300048828125,996
2017-01-13,4001.39990234375,990
2017-01-16,4034.449951171875,1731
2017-01-17,3990.75,3905
2017-01-18,4066.25,184
2017-01-19,4061.64990234375,1001
2017-01-20,4035.550048828125,1224
2017-01-23,4060.550048828125,703
2017-01-24,4084.89990234375,748
2017-01-25,4116.39990234375,1807
2017-01-27,4118.2998046875,958
2017-01-30,4123.10009765625,713
2017-01-31,4112.39990234375,897
2017-02-01,4149.25,557
2017-02-02,4093.85009765625,1478
2017-02-03,4106.60009765625,890
2017-02-06,4089.60009765625,1106
2017-02-07,4342.5,9240
2017-02-08,4314.7001953125,803
2017-02-09,4317.14990234375,1545
2017-02-10,4212.5498046875,5918
2017-02-13,4140.2998046875,5813
2017-02-14,4060.199951171875,1645
2017-02-15,4056.050048828125,4121
2017-02-16,4036.89990234375,2792
2017-02-17,4051.10009765625,4772
2017-02-20,4118.5,833
2017-02-21,4179.64990234375,576
2017-02-22,4128.0498046875,799
2017-02-23,4128.2998046875,15753
2017-02-27,4164.39990234375,2043
2017-02-28,4193.64990234375,687
2017-03-01,4199.14990234375,356
2017-03-02,4161.7998046875,952
2017-03-03,4181.0498046875,205
2017-03-06,4161.89990234375,5683
2017-03-07,4159.35009765625,3765
2017-03-08,4168.0498046875,410
2017-03-09,4168.2001953125,924
2017-03-10,4188.5498046875,444
2017-03-14,4193.2998046875,971
2017-03-15,4169.25,442
2017-03-16,4186.2001953125,749
2017-03-17,4170.9501953125,21575
2017-03-20,4171.10009765625,19483
2017-03-21,4169.75,34920
2017-03-22,4089.89990234375,31513
2017-03-23,4059.25,4774
2017-03-24,4053.800048828125,18123
2017-03-27,4122.5498046875,3392
2017-03-28,4093.0,613
2017-03-29,4089.699951171875,2165
2017-03-30,4099.89990234375,12684
2017-03-31,4114.7998046875,5915
2017-04-03,4140.35009765625,1552
2017-04-05,4135.0498046875,2650
2017-04-06,4132.0,612
2017-04-07,4099.39990234375,8197
2017-04-10,4138.39990234375,1086
2017-04-11,4151.5,1737
2017-04-12,4159.7998046875,31449
2017-04-13,4189.4501953125,1571
2017-04-17,4168.10009765625,918
2017-04-18,4179.4501953125,19152
2017-04-19,4184.5,602
2017-04-20,4189.5498046875,18954
2017-04-21,4149.0498046875,1241
2017-04-24,4191.7001953125,897
2017-04-25,4193.2998046875,10280
2017-04-26,4176.5,7515
2017-04-27,4190.7001953125,1026
2017-04-28,4196.85009765625,1487
2017-05-02,4171.75,530
2017-05-03,4171.89990234375,718
2017-05-04,4300.14990234375,993
2017-05-05,4197.64990234375,2817
2017-05-08,4207.5,11794
2017-05-09,4195.64990234375,1642
2017-05-10,4197.89990234375,1067
2017-05-11,4305.7001953125,4770
2017-05-12,4275.9501953125,35286
2017-05-15,4198.60009765625,12439
2017-05-16,4232.5,1224
2017-05-17,4236.7998046875,1202
2017-05-18,4161.7001953125,1164
2017-05-19,4222.89990234375,1512
2017-05-22,4170.89990234375,5985
2017-05-23,4119.89990234375,1093
2017-05-24,4070.199951171875,6669
2017-05-25,4060.10009765625,8597
2017-05-26,4059.89990234375,2170
2017-05-29,4039.300048828125,500
2017-05-30,4039.85009765625,846
2017-05-31,4039.449951171875,820
2017-06-01,4022.699951171875,1248
2017-06-02,4042.60009765625,672
2017-06-05,4045.5,1269
2017-06-06,4034.10009765625,417
2017-06-07,4036.89990234375,827
2017-06-08,4039.64990234375,574
2017-06-09,4026.949951171875,961
2017-06-12,4015.949951171875,541
2017-06-13,4024.800048828125,299
2017-06-14,3999.75,900
2017-06-15,3952.39990234375,414
2017-06-16,3999.5,457
2017-06-19,4018.449951171875,717
2017-06-20,4048.35009765625,622
2017-06-21,4134.39990234375,796
2017-06-22,4155.39990234375,1272
2017-06-23,4060.64990234375,994
2017-06-27,4032.25,51706
2017-06-28,4028.60009765625,4201
2017-06-29,4013.300048828125,3092
2017-06-30,4032.25,4566
2017-07-03,4039.14990234375,8093
2017-07-04,4035.10009765625,546
2017-07-05,4033.300048828125,642
2017-07-06,4037.14990234375,726
2017-07-07,4028.5,424
2017-07-10,4034.89990234375,626
2017-07-11,4017.449951171875,476
2017-07-12,4009.35009765625,244
2017-07-13,4018.14990234375,769
2017-07-14,3977.60009765625,920
2017-07-17,3991.39990234375,1209
2017-07-18,3977.14990234375,1503
2017-07-19,3979.60009765625,800
2017-07-20,4005.699951171875,724
2017-07-21,3963.10009765625,4646
2017-07-24,3976.550048828125,6297
2017-07-25,3975.25,3767
2017-07-26,3978.60009765625,3044
2017-07-27,3944.60009765625,1449
2017-07-28,3958.300048828125,463
2017-07-31,3939.449951171875,780
2017-08-01,3923.550048828125,749
2017-08-02,3891.85009765625,7173
2017-08-03,3817.300048828125,14745
2017-08-04,3925.699951171875,8178
2017-08-07,3927.300048828125,674
2017-08-08,3905.800048828125,268
2017-08-09,3930.5,1456
2017-08-10,3877.60009765625,1011
2017-08-11,3892.39990234375,4089
2017-08-14,3912.89990234375,622
2017-08-16,3952.199951171875,606
2017-08-17,3925.60009765625,894
2017-08-18,3871.199951171875,1731
2017-08-21,3902.10009765625,1389
2017-08-22,3834.5,3442
2017-08-23,3886.050048828125,500
2017-08-24,3828.199951171875,3404
2017-08-28,3866.550048828125,565
2017-08-29,3866.5,1150
2017-08-30,3891.64990234375,336
2017-08-31,3886.89990234375,561
2017-09-01,3923.14990234375,2633
2017-09-04,3937.199951171875,374
2017-09-05,3938.85009765625,1102
2017-09-06,3944.800048828125,254
2017-09-07,3945.550048828125,1243
2017-09-08,3944.39990234375,1162
2017-09-11,3967.10009765625,566
2017-09-12,3928.39990234375,3051
2017-09-13,3927.75,628
2017-09-14,3831.85009765625,2555
2017-09-15,3797.85009765625,1301
2017-09-18,3817.949951171875,747
2017-09-19,3876.89990234375,530
2017-09-20,3938.35009765625,454
2017-09-21,3888.300048828125,493
2017-09-22,3851.89990234375,672
2017-09-25,3811.89990234375,689
2017-09-26,3860.050048828125,3269
2017-09-27,3866.64990234375,695
2017-09-28,3888.800048828125,3189
2017-09-29,3992.300048828125,3484
2017-10-03,3971.14990234375,1273
2017-10-04,3968.699951171875,695
2017-10-05,3958.5,937
2017-10-06,3997.14990234375,4442
2017-10-09,3965.60009765625,645
2017-10-10,3939.85009765625,5257
2017-10-11,3960.5,443
2017-10-12,3970.39990234375,533
2017-10-13,3963.550048828125,1551
2017-10-16,3977.64990234375,375
2017-10-17,3951.25,2111
2017-10-18,3871.449951171875,1193
2017-10-19,3913.5,60
2017-10-23,3907.199951171875,1540
2017-10-24,3877.5,803
2017-10-25,3914.300048828125,722
2017-10-26,3952.25,704
2017-10-27,3930.35009765625,1040
2017-10-30,3922.14990234375,494
2017-10-31,3937.64990234375,508
2017-11-01,3974.550048828125,593
2017-11-02,3955.550048828125,1204
2017-11-03,3979.800048828125,3611
2017-11-06,3982.0,512
2017-11-07,3997.35009765625,7194
2017-11-08,3997.699951171875,622
2017-11-09,3943.0,937
2017-11-10,3949.39990234375,2068
2017-11-13,3894.10009765625,525
2017-11-14,3969.85009765625,709
2017-11-15,3940.699951171875,664
2017-11-16,3941.0,1786
2017-11-17,3957.89990234375,23511
2017-11-20,3961.050048828125,332
2017-11-21,3973.550048828125,572
2017-11-22,3962.64990234375,1097
2017-11-23,3963.89990234375,472
2017-11-24,3975.64990234375,579
2017-11-27,3972.10009765625,486
2017-11-28,3971.14990234375,582
2017-11-29,3987.699951171875,3345
2017-11-30,3991.85009765625,4833
2017-12-01,3931.949951171875,535
2017-12-04,3940.949951171875,388
2017-12-05,3963.800048828125,3327
2017-12-06,3946.949951171875,16822
2017-12-07,3933.0,818
2017-12-08,3910.64990234375,1624
2017-12-11,3884.949951171875,715
2017-12-12,3916.25,136
2017-12-13,3895.050048828125,233
2017-12-14,3928.85009765625,907
2017-12-15,3921.800048828125,519
2017-12-18,3917.800048828125,895
2017-12-19,3931.60009765625,616
2017-12-20,3914.85009765625,792
2017-12-21,3875.199951171875,1783
2017-12-22,3926.75,479
2017-12-26,3879.449951171875,4263
2017-12-27,3892.64990234375,674
2017-12-28,3914.25,4496
2017-12-29,3953.050048828125,6628
2018-01-01,3946.5,11057
2018-01-02,3978.64990234375,895
2018-01-03,3964.949951171875,5883
2018-01-04,3886.60009765625,12420
2018-01-05,3932.050048828125,1925
2018-01-08,3932.39990234375,745
2018-01-09,3967.199951171875,1305
2018-01-10,3974.699951171875,1677
2018-01-11,3982.0,3770
2018-01-12,3996.39990234375,1395
2018-01-15,3995.75,1553
2018-01-16,3993.60009765625,5009
2018-01-17,3980.10009765625,3225
2018-01-18,3990.199951171875,1254
2018-01-19,3969.050048828125,1037
2018-01-22,3971.199951171875,658
2018-01-23,3987.25,1656
2018-01-24,3964.699951171875,1670
2018-01-25,3973.75,626
2018-01-29,3962.800048828125,1551
2018-01-30,3953.25,1794
2018-01-31,3965.0,1586
2018-02-01,3953.0,1254
2018-02-02,3921.60009765625,2429
2018-02-05,3880.300048828125,2140
2018-02-06,3781.0,970
2018-02-07,3847.050048828125,570
2018-02-08,3972.449951171875,797
2018-02-09,3917.050048828125,973
2018-02-12,3935.550048828125,863
2018-02-14,3974.25,929
2018-02-15,3963.449951171875,11524
2018-02-16,3966.25,4217
2018-02-19,3915.10009765625,1526
2018-02-20,3846.199951171875,814
2018-02-21,3802.5,618
2018-02-22,3852.75,303
2018-02-23,3801.75,707
2018-02-26,3772.0,1192
2018-02-27,3802.89990234375,871
2018-02-28,3844.449951171875,1082
2018-03-01,3811.39990234375,569
2018-03-05,3776.85009765625,1910
2018-03-06,3785.60009765625,5756
2018-03-07,3759.0,4275
2018-03-08,3759.550048828125,782
2018-03-09,3758.449951171875,2307
2018-03-12,3755.5,2517
2018-03-13,3705.85009765625,10819
2018-03-14,3679.85009765625,10546
2018-03-15,3674.89990234375,6350
2018-03-16,3626.449951171875,7872
2018-03-19,3609.800048828125,10788
2018-03-20,3603.75,12534
2018-03-21,3601.10009765625,12365
2018-03-22,3645.64990234375,396
2018-03-23,3609.199951171875,544
2018-03-26,3590.699951171875,6005
2018-03-27,3622.25,215
2018-03-28,3647.35009765625,252
2018-04-02,3624.300048828125,391
2018-04-03,3631.75,919
2018-04-04,3657.14990234375,330
2018-04-05,3712.35009765625,424
2018-04-06,3743.5,242
2018-04-09,3742.60009765625,5634
2018-04-10,3762.85009765625,246
2018-04-11,3765.199951171875,181
2018-04-12,3781.64990234375,468
2018-04-13,3779.050048828125,440
2018-04-16,3782.35009765625,198
2018-04-17,3793.949951171875,480
2018-04-18,3771.5,195
2018-04-19,3825.10009765625,259
2018-04-20,3844.39990234375,453
2018-04-23,3873.75,1970
2018-04-24,3883.0,380
2018-04-25,3871.14990234375,171
2018-04-26,3867.5,484
2018-04-27,3878.199951171875,232
2018-04-30,3902.699951171875,1737
2018-05-02,3848.75,633
2018-05-03,3842.25,616
2018-05-04,3785.75,947
2018-05-07,3801.050048828125,156
2018-05-08,3803.14990234375,321
2018-05-09,3801.64990234375,234
2018-05-10,3801.0,223
2018-05-11,3852.5,229
2018-05-14,3845.39990234375,919
2018-05-15,3783.550048828125,618
2018-05-16,3741.0,1739
2018-05-17,3712.75,1906
2018-05-18,3592.39990234375,1230
2018-05-21,3551.75,530
2018-05-22,3486.10009765625,621
2018-05-23,3406.39990234375,607
2018-05-24,3390.5,418
2018-05-25,3378.25,373
2018-05-28,3334.449951171875,951
2018-05-29,3321.25,2205
2018-05-30,3507.39990234375,4997
2018-05-31,3349.699951171875,1549
2018-06-01,3291.199951171875,1324
2018-06-04,3197.550048828125,2511
2018-06-05,3190.050048828125,2727
2018-06-06,3203.85009765625,3631
2018-06-07,3287.699951171875,887
2018-06-08,3308.800048828125,202
2018-06-11,3355.050048828125,303
2018-06-12,3312.64990234375,161
2018-06-13,3315.050048828125,114
2018-06-14,3307.449951171875,58
2018-06-15,3315.85009765625,165
2018-06-18,3247.89990234375,4430
2018-06-19,3239.699951171875,342
2018-06-20,3320.199951171875,250
2018-06-21,3348.25,234
2018-06-22,3312.699951171875,469
2018-06-25,3247.199951171875,4525
2018-06-26,3236.60009765625,526
2018-06-27,3228.550048828125,342
2018-06-28,3248.25,1019
2018-06-29,3290.64990234375,928
2018-07-02,3332.0,1129
2018-07-03,3438.10009765625,2374
2018-07-04,3405.699951171875,593
2018-07-05,3421.10009765625,168
2018-07-06,3412.050048828125,597
2018-07-09,3339.25,527
2018-07-10,3347.10009765625,166
2018-07-11,3376.199951171875,120
2018-07-12,3362.699951171875,201
2018-07-13,3338.39990234375,376
2018-07-16,3278.10009765625,280
2018-07-17,3270.10009765625,604
2018-07-18,3226.14990234375,4744
2018-07-19,3171.949951171875,877
2018-07-20,3080.64990234375,2890
2018-07-23,3028.35009765625,791
2018-07-24,3072.64990234375,551
2018-07-25,3072.699951171875,778
2018-07-26,3025.300048828125,1009
2018-07-27,3102.949951171875,1080
2018-07-30,3312.10009765625,4200
2018-07-31,3362.60009765625,750
2018-08-01,3398.64990234375,1401
2018-08-02,3408.949951171875,230
2018-08-03,3450.199951171875,382
2018-08-06,3634.89990234375,4828
2018-08-07,3796.800048828125,2575
2018-08-08,3753.60009765625,1041
2018-08-09,3657.35009765625,43926
2018-08-10,3630.0,4853
2018-08-13,3641.699951171875,653
2018-08-14,3636.800048828125,1706
2018-08-16,3639.25,774
2018-08-17,3656.699951171875,3955
2018-08-20,3651.550048828125,1785
2018-08-21,3734.300048828125,986
2018-08-23,3732.800048828125,635
2018-08-24,3700.14990234375,708
2018-08-27,3704.949951171875,184
2018-08-28,3703.14990234375,171
2018-08-29,3717.64990234375,466
2018-08-30,3734.39990234375,334
2018-08-31,3725.75,826
2018-09-03,3711.449951171875,460
2018-09-04,3709.10009765625,311
2018-09-05,3704.39990234375,484
2018-09-06,3667.85009765625,315
2018-09-07,3669.800048828125,171
2018-09-10,3676.699951171875,356
2018-09-11,3649.60009765625,866
2018-09-12,3678.64990234375,544
2018-09-14,3656.699951171875,443
2018-09-17,3649.35009765625,141
2018-09-18,3708.75,3639
2018-09-19,3662.800048828125,1057
2018-09-21,3660.050048828125,1492
2018-09-24,3562.699951171875,805
2018-09-25,3594.60009765625,350
2018-09-26,3584.949951171875,856
2018-09-27,3528.550048828125,635
2018-09-28,3439.75,618
2018-10-01,3468.10009765625,3778
2018-10-03,3463.10009765625,11337
2018-10-04,3450.050048828125,14262
2018-10-05,3542.89990234375,11744
2018-10-08,3467.5,31381
2018-10-09,3438.14990234375,25983
2018-10-10,3459.85009765625,5750
2018-10-11,3482.699951171875,1477
2018-10-12,3481.10009765625,26200
2018-10-15,3469.050048828125,39794
2018-10-16,3430.75,13878
2018-10-17,3406.699951171875,1788
2018-10-19,3332.75,345
2018-10-22,3271.550048828125,1989
2018-10-23,3230.949951171875,375
2018-10-24,3234.699951171875,1485
2018-10-25,3198.949951171875,4064
2018-10-26,3240.64990234375,3939
2018-10-29,3198.14990234375,5843
2018-10-30,3265.25,7077
2018-10-31,3264.35009765625,662
2018-11-01,3297.699951171875,1462
2018-11-02,3338.25,301
2018-11-05,3277.14990234375,49337
2018-11-06,3234.050048828125,1189
2018-11-07,3249.85009765625,123
2018-11-09,3250.050048828125,1961
2018-11-12,3250.050048828125,49479
2018-11-13,3309.10009765625,282
2018-11-14,3279.64990234375,386
2018-11-15,3308.949951171875,190
2018-11-16,3316.64990234375,25353
2018-11-19,3330.0,182
2018-11-20,3278.550048828125,10326
2018-11-21,3277.14990234375,192
2018-11-22,3280.0,10329
2018-11-26,3254.5,338
2018-11-27,3234.75,10263
2018-11-28,3229.85009765625,11978
2018-11-29,3229.949951171875,6528
2018-11-30,3200.0,3229
2018-12-03,3230.85009765625,1723
2018-12-04,3265.949951171875,203
2018-12-05,3198.5,1399
2018-12-06,3200.050048828125,1290
2018-12-07,3196.199951171875,2539
2018-12-10,3178.75,1397
2018-12-11,3198.35009765625,349
2018-12-12,3187.60009765625,75
2018-12-13,3196.75,322
2018-12-14,3188.39990234375,317
2018-12-17,3167.449951171875,258
2018-12-18,3183.800048828125,443
2018-12-19,3199.800048828125,687
2018-12-20,3200.0,712
2018-12-21,3164.949951171875,364
2018-12-24,3162.5,100
2018-12-26,3145.60009765625,754
2018-12-27,3172.0,122
2018-12-28,3185.050048828125,157
2018-12-31,3198.699951171875,529
2019-01-01,3196.449951171875,237
2019-01-02,3198.14990234375,118
2019-01-03,3150.25,51964
2019-01-04,3187.449951171875,237
2019-01-07,3189.14990234375,392
2019-01-08,3181.300048828125,186
2019-01-09,3181.10009765625,3855
2019-01-10,3196.449951171875,386
2019-01-11,3189.64990234375,158
2019-01-14,3186.39990234375,191
2019-01-15,3187.050048828125,756
2019-01-16,3189.449951171875,1606
2019-01-17,3187.0,531
2019-01-18,3186.449951171875,552
2019-01-21,3185.14990234375,2727
2019-01-22,3136.60009765625,457
2019-01-23,3128.5,366
2019-01-24,3092.25,580
2019-01-25,3051.35009765625,712
2019-01-28,3012.0,231
2019-01-29,2996.39990234375,411
2019-01-30,3040.25,187
2019-01-31,3046.800048828125,359
2019-02-01,2997.89990234375,634
2019-02-04,2922.39990234375,1855
2019-02-05,2899.75,546
2019-02-06,2929.699951171875,492
2019-02-07,2947.39990234375,466
2019-02-08,2976.64990234375,750
2019-02-11,2953.449951171875,176
2019-02-12,2926.449951171875,150
2019-02-14,2974.39990234375,518
2019-02-15,2941.64990234375,195
2019-02-18,2913.60009765625,469
2019-02-19,2947.550048828125,1060
2019-02-20,2923.0,1003
2019-02-21,2926.10009765625,261
2019-02-22,2915.75,463
2019-02-25,2918.89990234375,455
2019-02-26,2914.64990234375,1350
2019-02-27,2905.39990234375,1464
2019-02-28,2899.39990234375,479
2019-03-01,2899.699951171875,1768
2019-03-05,2870.64990234375,15674
2019-03-06,2856.85009765625,9207
2019-03-07,2852.64990234375,7383
2019-03-08,2845.64990234375,4416
2019-03-11,2873.699951171875,8871
2019-03-12,2853.0,4963
2019-03-13,2856.949951171875,3014
2019-03-14,2917.300048828125,238796
2019-03-15,3011.449951171875,10616
2019-03-18,2989.75,1965
2019-03-19,2987.60009765625,947
2019-03-20,2985.64990234375,833
2019-03-22,2941.699951171875,1136
2019-03-25,2899.800048828125,29105
2019-03-26,2874.14990234375,1789
2019-03-27,2876.75,6910
2019-03-28,2880.800048828125,939
2019-04-01,2914.75,1499
2019-04-02,2934.60009765625,979
2019-04-03,2929.699951171875,40529
2019-04-04,2916.050048828125,1679
2019-04-05,2921.0,510
2019-04-08,2931.89990234375,319
2019-04-09,2951.85009765625,350
2019-04-10,2999.5,608
2019-04-11,2982.050048828125,767
2019-04-12,2969.550048828125,3815
2019-04-15,2980.050048828125,465
2019-04-16,3112.10009765625,2079
2019-04-18,3138.60009765625,1260
2019-04-22,3128.0,866
2019-04-23,3102.0,653
2019-04-24,3138.85009765625,927
2019-04-25,3143.300048828125,309
2019-04-26,3138.800048828125,31529
2019-04-30,3141.14990234375,633
2019-05-02,3131.449951171875,1641
2019-05-03,3124.89990234375,5455
2019-05-06,3131.0,1220
2019-05-07,3116.699951171875,576
2019-05-08,3109.050048828125,1842
2019-05-09,3015.0,3245
2019-05-10,2949.699951171875,1568
2019-05-13,3002.550048828125,543
2019-05-14,2992.0,231
2019-05-15,2933.85009765625,377
2019-05-16,2902.800048828125,813
2019-05-17,2913.550048828125,445
2019-05-20,2921.89990234375,1492
2019-05-21,2906.85009765625,366
2019-05-22,2871.75,383
2019-05-23,2892.35009765625,1181
2019-05-24,2932.0,203
2019-05-27,2925.5,502
2019-05-28,2950.050048828125,704
2019-05-29,2969.64990234375,319
2019-05-30,2956.35009765625,372
2019-05-31,2952.550048828125,1114
2019-06-03,2942.300048828125,216
2019-06-04,2958.64990234375,46
2019-06-06,2944.300048828125,700
2019-06-07,2944.199951171875,486
2019-06-10,2949.89990234375,276
2019-06-11,2967.64990234375,121
2019-06-12,2950.0,462
2019-06-13,2950.85009765625,289
2019-06-14,2998.050048828125,1337
2019-06-17,3006.0,642
2019-06-18,3020.75,1328
2019-06-19,3006.550048828125,902
2019-06-20,3031.5,873
2019-06-21,3077.10009765625,1073
2019-06-24,3066.949951171875,1353
2019-06-25,3098.39990234375,1256
2019-06-26,3157.10009765625,1360
2019-06-27,3203.89990234375,988
2019-06-28,3176.800048828125,351
2019-07-01,3161.14990234375,205
2019-07-02,3081.300048828125,8419
2019-07-03,3120.199951171875,2383
2019-07-04,3211.25,1968
2019-07-05,3200.39990234375,9731
2019-07-08,3176.0,1072
2019-07-09,3201.64990234375,312
2019-07-10,3168.449951171875,379
2019-07-11,3200.14990234375,283
2019-07-12,3247.800048828125,791
2019-07-15,3236.949951171875,326
2019-07-16,3253.89990234375,1717
2019-07-17,3270.800048828125,1024
2019-07-18,3249.89990234375,576
2019-07-19,3230.550048828125,432
2019-07-22,3241.449951171875,2289
2019-07-23,3200.60009765625,1835
2019-07-24,3201.199951171875,343
2019-07-25,3207.25,492
2019-07-26,3181.550048828125,214
2019-07-29,3209.199951171875,207
2019-07-30,3204.60009765625,542
2019-07-31,3237.35009765625,678
2019-08-01,3089.10009765625,24100
2019-08-02,2951.199951171875,1425
2019-08-05,2968.14990234375,902
2019-08-06,2965.300048828125,123
2019-08-07,2858.35009765625,3765
2019-08-08,2834.199951171875,5169
2019-08-09,2845.5,350
2019-08-13,2867.35009765625,507
2019-08-14,2928.10009765625,417
2019-08-16,2839.89990234375,353
2019-08-19,2846.39990234375,99
2019-08-20,2770.199951171875,601
2019-08-21,2736.64990234375,322
2019-08-22,2647.5,8165
2019-08-23,2581.800048828125,355
2019-08-26,2649.699951171875,588
2019-08-27,2687.5,1699
2019-08-28,2770.550048828125,1957
2019-08-29,2785.300048828125,336
2019-08-30,2723.14990234375,966
2019-09-03,2827.89990234375,586
2019-09-04,2825.25,466
2019-09-05,2748.699951171875,469
2019-09-06,2828.550048828125,443
2019-09-09,2815.60009765625,449
2019-09-11,2824.949951171875,455
2019-09-12,2842.800048828125,326
2019-09-13,2841.64990234375,549
2019-09-16,2943.85009765625,545
2019-09-17,3002.35009765625,623
2019-09-18,3030.60009765625,421
2019-09-19,3006.800048828125,337
2019-09-20,3015.10009765625,1303
2019-09-23,3055.199951171875,2365
2019-09-24,3041.60009765625,1188
2019-09-25,3068.800048828125,1436
2019-09-26,3068.64990234375,1520
2019-09-27,2962.0,1229
2019-09-30,2822.0,796
2019-10-01,2810.35009765625,268
2019-10-03,2749.39990234375,23334
2019-10-04,2688.699951171875,395
2019-10-07,2625.85009765625,512
2019-10-09,2618.5,588
2019-10-10,2621.39990234375,562
2019-10-11,2594.5,1084
2019-10-14,2623.300048828125,521
2019-10-15,2577.550048828125,1401
2019-10-16,2588.64990234375,798
2019-10-17,2581.300048828125,741
2019-10-18,2572.35009765625,2041
2019-10-22,2569.25,2605
2019-10-23,2592.449951171875,357
2019-10-24,2603.10009765625,786
2019-10-25,2566.14990234375,895
2019-10-27,2596.89990234375,121
2019-10-29,2580.25,256
2019-10-30,2577.550048828125,510
2019-10-31,2588.050048828125,700
2019-11-01,2748.35009765625,1541
2019-11-04,2762.699951171875,903
2019-11-05,2797.89990234375,1002
2019-11-06,2763.699951171875,524
2019-11-07,2772.300048828125,227
2019-11-08,2714.10009765625,330
2019-11-11,2712.699951171875,127
2019-11-13,2777.199951171875,1934
2019-11-14,2762.64990234375,317
2019-11-15,2730.199951171875,385
2019-11-18,2680.699951171875,168
2019-11-19,2702.60009765625,5245
2019-11-20,2741.800048828125,366
2019-11-21,2693.5,5505
2019-11-22,2691.449951171875,1909
2019-11-25,2722.5,4055
2019-11-26,2716.300048828125,160
2019-11-27,2784.199951171875,333
2019-11-28,2849.14990234375,534
2019-11-29,2819.699951171875,414
2019-12-02,2767.35009765625,320
2019-12-03,2714.14990234375,1095
2019-12-04,2798.35009765625,362
2019-12-05,2805.550048828125,961
2019-12-06,2791.35009765625,181
2019-12-09,2801.89990234375,55
2019-12-10,2764.10009765625,559
2019-12-11,2776.60009765625,10210
2019-12-12,2754.0,616
2019-12-13,2753.949951171875,11294
2019-12-16,2714.0,367
2019-12-17,2733.75,301
2019-12-18,2751.0,10614
2019-12-19,2785.0,6410
2019-12-20,2757.050048828125,7140
2019-12-23,2757.14990234375,2505
2019-12-24,2790.10009765625,10401
2019-12-26,2800.199951171875,5735
2019-12-27,2825.35009765625,7316
2019-12-30,2925.449951171875,4561
2019-12-31,3054.75,40326
2020-01-01,3034.39990234375,16101
2020-01-02,3063.60009765625,7292
2020-01-03,3064.60009765625,2300
2020-01-06,2989.39990234375,1555
2020-01-07,2962.449951171875,1134
2020-01-08,2876.10009765625,2202
2020-01-09,2956.75,6767
2020-01-10,2928.449951171875,1655
2020-01-13,2903.39990234375,393
2020-01-14,2919.60009765625,760
2020-01-15,2962.39990234375,973
2020-01-16,2936.39990234375,1981
2020-01-17,2962.89990234375,578
2020-01-20,2998.85009765625,619
2020-01-21,2975.050048828125,885
2020-01-22,2980.60009765625,1154
2020-01-23,2963.449951171875,921
2020-01-24,2931.199951171875,297
2020-01-27,2958.550048828125,302
2020-01-28,2932.800048828125,247
2020-01-29,2898.89990234375,335
2020-01-30,2901.699951171875,616
2020-01-31,2900.199951171875,8443
2020-02-03,2864.449951171875,3571
2020-02-04,2893.050048828125,735
2020-02-05,2893.85009765625,1996
2020-02-06,2989.449951171875,889
2020-02-07,2927.5,9939
2020-02-10,2993.550048828125,12130
2020-02-11,2901.800048828125,14499
2020-02-12,2980.449951171875,3548
2020-02-13,3000.75,1088
2020-02-14,2999.85009765625,16955
2020-02-17,3000.050048828125,31686
2020-02-18,3019.699951171875,25797
2020-02-19,3008.14990234375,895
2020-02-20,3049.60009765625,12894
2020-02-24,2940.800048828125,11083
2020-02-25,2910.39990234375,341
2020-02-26,2931.199951171875,3473
2020-02-27,2906.699951171875,6526
2020-02-28,2836.60009765625,4973
2020-03-02,2779.14990234375,1048
2020-03-03,2821.300048828125,573
2020-03-04,2876.0,1359
2020-03-05,2846.449951171875,751
2020-03-06,2780.85009765625,639
2020-03-09,2607.89990234375,982
2020-03-11,2644.14990234375,322
2020-03-12,2470.75,2442
2020-03-13,2467.60009765625,582
2020-03-16,2336.75,743
2020-03-17,2318.199951171875,370
2020-03-18,2300.300048828125,479
2020-03-19,2232.10009765625,1997
2020-03-20,2219.14990234375,57779
2020-03-23,2055.14990234375,1568
2020-03-24,2076.699951171875,2129
2020-03-25,2118.550048828125,323
2020-03-26,2178.300048828125,870
2020-03-27,2102.35009765625,42138
2020-03-30,2083.10009765625,308
2020-03-31,2144.699951171875,1398
2020-04-01,2108.64990234375,737
2020-04-03,2103.5,1653
2020-04-07,2090.550048828125,23314
2020-04-08,2095.39990234375,3807
2020-04-09,2279.5,1502
2020-04-13,2403.10009765625,6400
2020-04-15,2337.800048828125,3334
2020-04-16,2319.300048828125,1052
2020-04-17,2311.699951171875,778
2020-04-20,2254.300048828125,1881
2020-04-21,2215.35009765625,2096
2020-04-22,2197.75,854
2020-04-23,2219.60009765625,1136
2020-04-24,2154.14990234375,1075
2020-04-27,2137.800048828125,11598
2020-04-28,2166.14990234375,6698
2020-04-29,2244.39990234375,940
2020-04-30,2271.550048828125,742
2020-05-04,2616.550048828125,19837
2020-05-05,2546.199951171875,11278
2020-05-06,2649.14990234375,4340
2020-05-07,2539.60009765625,1993
2020-05-08,2559.14990234375,1045
2020-05-11,2556.64990234375,4194
2020-05-12,2565.10009765625,968
2020-05-13,2606.050048828125,699
2020-05-14,2650.75,1098
2020-05-15,2664.25,589
2020-05-18,2534.75,1060
2020-05-19,2564.60009765625,769
2020-05-20,2538.699951171875,333
2020-05-21,2583.050048828125,640
2020-05-22,2582.800048828125,481
2020-05-26,2453.050048828125,901
2020-05-27,2466.949951171875,676
2020-05-28,2502.050048828125,771
2020-05-29,2533.449951171875,699
2020-06-01,2569.5,405
2020-06-02,2625.550048828125,904
2020-06-03,2580.75,445
2020-06-04,2604.800048828125,318
2020-06-05,2641.0,857
2020-06-08,2591.949951171875,634
2020-06-09,2633.5,784
2020-06-10,2639.0,167
2020-06-11,2609.0,191
2020-06-12,2547.699951171875,620
2020-06-15,2500.89990234375,562
2020-06-16,2511.300048828125,1522
2020-06-17,2518.800048828125,608
2020-06-18,2507.89990234375,576
2020-06-19,2507.550048828125,926
2020-06-22,2518.699951171875,276
2020-06-23,2510.39990234375,3759
2020-06-24,2516.64990234375,768
2020-06-25,2539.050048828125,852
2020-06-26,2593.699951171875,1741
2020-06-29,2606.699951171875,1724
2020-06-30,2485.85009765625,7108
2020-07-01,2492.699951171875,587
2020-07-02,2503.0,961
2020-07-03,2499.300048828125,1370
2020-07-06,2481.64990234375,2151
2020-07-07,2487.5,1406
2020-07-08,2493.449951171875,3041
2020-07-09,2509.300048828125,5377
2020-07-10,2520.85009765625,1726
2020-07-13,2518.75,507
2020-07-14,2489.449951171875,1158
2020-07-15,2577.10009765625,20841
2020-07-16,2563.89990234375,4611
2020-07-17,2512.85009765625,3537
2020-07-20,2525.449951171875,1928
2020-07-21,2535.5,8564
2020-07-22,2539.25,1636
2020-07-23,2534.89990234375,1444
2020-07-24,2543.550048828125,12530
2020-07-27,2513.699951171875,8389
2020-07-28,2508.949951171875,1324
2020-07-29,2539.85009765625,1286
2020-07-30,2542.75,11084
2020-07-31,2509.60009765625,10903
2020-08-03,2508.85009765625,10743
2020-08-04,2531.199951171875,893
2020-08-05,2542.199951171875,2294
2020-08-06,2535.14990234375,512
2020-08-07,2554.5,1838
2020-08-10,2550.699951171875,3010
2020-08-11,2551.449951171875,665
2020-08-12,2570.64990234375,1482
2020-08-13,2615.89990234375,1178
2020-08-14,2631.5,1187
2020-08-17,2558.39990234375,1162
2020-08-18,2551.10009765625,808
2020-08-19,2581.5,824
2020-08-20,2551.300048828125,3275
2020-08-21,2656.75,4945
2020-08-24,2756.699951171875,13897
2020-08-25,2782.60009765625,6171
2020-08-26,2851.800048828125,7199
2020-08-27,2817.75,5873
2020-08-28,2805.85009765625,12497
2020-08-31,2810.14990234375,6712
2020-09-01,2778.949951171875,807
2020-09-02,2784.89990234375,991
2020-09-03,2809.949951171875,756
2020-09-04,2747.89990234375,662
2020-09-07,2752.75,581
2020-09-08,2754.60009765625,759
2020-09-09,2722.25,399
2020-09-10,2725.85009765625,1376
2020-09-11,2757.89990234375,498
2020-09-14,2749.699951171875,906
2020-09-15,2747.39990234375,1127
2020-09-16,2762.550048828125,690
2020-09-17,2749.050048828125,18523
2020-09-18,2790.949951171875,1252
2020-09-21,2717.75,943
2020-09-22,2778.550048828125,2986
2020-09-23,2804.300048828125,2175
2020-09-24,2806.050048828125,3068
2020-09-25,2800.550048828125,1896
2020-09-28,2799.5,960
2020-09-29,2816.699951171875,1412
2020-09-30,2823.5,317
2020-10-01,2830.89990234375,960
2020-10-05,2835.550048828125,11033
2020-10-06,2836.0,11902
2020-10-07,2833.39990234375,7354
2020-10-08,2783.449951171875,411
2020-10-09,2832.35009765625,5136
2020-10-12,2838.5,1072
2020-10-13,2838.800048828125,303
2020-10-14,2781.64990234375,646
2020-10-15,2726.10009765625,397
2020-10-16,2709.050048828125,1066
2020-10-19,2713.050048828125,208
2020-10-20,2768.85009765625,809
2020-10-21,2749.89990234375,785
2020-10-22,2712.25,996
2020-10-23,2716.35009765625,1181
2020-10-26,2678.35009765625,320
2020-10-27,2693.60009765625,400
2020-10-28,2675.199951171875,97
2020-10-29,2629.199951171875,475
2020-10-30,2808.89990234375,4136
2020-11-02,2737.0,1308
2020-11-03,2759.0,409
2020-11-04,2734.14990234375,832
2020-11-05,2748.050048828125,1913
2020-11-06,2681.85009765625,7600
2020-11-09,2689.550048828125,1028
2020-11-10,2626.89990234375,892
2020-11-11,2607.39990234375,1163
2020-11-12,2604.75,834
2020-11-13,2622.39990234375,939
2020-11-14,2653.800048828125,253
2020-11-17,2648.10009765625,4697
2020-11-18,2649.550048828125,1533
2020-11-19,2618.10009765625,6436
2020-11-20,2633.449951171875,1227
2020-11-23,2608.25,2788
2020-11-24,2615.14990234375,2781
2020-11-25,2596.85009765625,6086
2020-11-26,2607.050048828125,1517
2020-11-27,2610.89990234375,3857
2020-12-01,2751.64990234375,13023
2020-12-02,2851.300048828125,13408
2020-12-03,2839.0,6821
2020-12-04,2863.050048828125,7321
2020-12-07,2893.449951171875,5555
2020-12-08,2800.35009765625,11494
2020-12-09,2806.300048828125,4966
2020-12-10,2707.0,10778
2020-12-11,2777.10009765625,2940
2020-12-14,2693.800048828125,14549
2020-12-15,2693.300048828125,797
2020-12-16,2752.75,5435
2020-12-17,2765.60009765625,4127
2020-12-18,2726.89990234375,3000
2020-12-21,2699.699951171875,2920
2020-12-22,2749.449951171875,7662
2020-12-23,2740.449951171875,989
2020-12-24,2795.14990234375,23612
2020-12-28,2965.64990234375,10798
2020-12-29,2927.300048828125,2572
2020-12-30,2912.449951171875,1371
2020-12-31,2928.89990234375,3191
2021-01-01,2929.949951171875,2045
2021-01-04,2945.800048828125,2923
2021-01-05,2929.10009765625,1958
2021-01-06,2903.550048828125,4244
2021-01-07,2903.10009765625,4036
2021-01-08,2935.199951171875,1856
2021-01-11,2954.35009765625,9605
2021-01-12,2981.75,13916
2021-01-13,2911.699951171875,2558
2021-01-14,2847.449951171875,1957
2021-01-15,2852.050048828125,38105
2021-01-18,2839.300048828125,1719
2021-01-19,2818.25,2729
2021-01-20,2744.60009765625,8116
2021-01-21,2785.5,4836
2021-01-22,2726.5,10585
2021-01-25,2785.85009765625,2652
2021-01-27,2712.75,1505
2021-01-28,2791.300048828125,3967
2021-01-29,2819.300048828125,1815
2021-02-01,2802.85009765625,1736
2021-02-02,2796.199951171875,529
2021-02-03,2786.550048828125,1901
2021-02-04,2787.14990234375,2949
2021-02-05,2828.199951171875,11871
2021-02-08,2859.050048828125,2349
2021-02-09,2832.5,3752
2021-02-10,2817.0,677
2021-02-11,2791.550048828125,1614
2021-02-12,2777.60009765625,1434
2021-02-15,2830.64990234375,1346
2021-02-16,2821.0,933
2021-02-17,2835.75,984
2021-02-18,2820.10009765625,682
2021-02-19,2764.85009765625,1535
2021-02-22,2728.199951171875,821
2021-02-23,2758.800048828125,7081
2021-02-24,2772.10009765625,611
2021-02-25,2809.300048828125,3030
2021-02-26,2694.300048828125,1759
2021-03-01,2768.85009765625,992
2021-03-02,2745.199951171875,21642
2021-03-03,2759.75,1250
2021-03-04,2778.39990234375,972
2021-03-05,2800.300048828125,956
2021-03-08,2808.14990234375,1412
2021-03-09,2786.25,1186
2021-03-10,2751.60009765625,9715
2021-03-12,2719.550048828125,7254
2021-03-15,2791.75,2604
2021-03-16,2795.14990234375,3072
2021-03-17,2797.85009765625,1281
2021-03-18,2786.89990234375,215312
2021-03-19,3344.25,275772
2021-03-22,3075.699951171875,67944
2021-03-23,3471.199951171875,175539
2021-03-24,3629.699951171875,374056
2021-03-25,3580.050048828125,166441
2021-03-26,3586.14990234375,44933
2021-03-30,3362.75,20805
2021-03-31,3270.0,15860
2021-04-01,3308.300048828125,11414
2021-04-05,3231.199951171875,7609
2021-04-06,3167.0,10109
2021-04-07,3569.0,96306
2021-04-08,3542.89990234375,46711
2021-04-09,3500.300048828125,13497
2021-04-12,3278.449951171875,12306
2021-04-13,3348.550048828125,8800
2021-04-15,3284.14990234375,4609
2021-04-16,3296.25,9254
2021-04-19,3224.800048828125,7525
2021-04-20,3237.10009765625,5929
2021-04-22,3205.800048828125,4221
2021-04-23,3177.550048828125,2793
2021-04-26,3165.25,1628
2021-04-27,3387.800048828125,59548
2021-04-28,3389.699951171875,9050
2021-04-29,3333.60009765625,3670
2021-04-30,3351.449951171875,14349
2021-05-03,3315.699951171875,7461
2021-05-04,3277.25,4723
2021-05-05,3281.60009765625,3009
2021-05-06,3388.85009765625,40390
2021-05-07,3252.35009765625,19749
2021-05-10,3243.60009765625,6612
2021-05-11,3252.699951171875,3743
2021-05-12,3227.050048828125,7224
2021-05-14,3178.39990234375,4069
2021-05-17,3194.85009765625,2594
2021-05-18,3234.449951171875,2379
2021-05-19,3242.14990234375,2406
2021-05-20,3180.85009765625,4842
2021-05-21,3154.550048828125,7015
2021-05-24,3152.25,5593
2021-05-25,3167.0,2423
2021-05-26,3171.64990234375,3877
2021-05-27,3161.10009765625,5354
2021-05-28,3159.14990234375,7703
2021-05-31,3152.550048828125,3015
2021-06-01,3144.300048828125,6044
2021-06-02,3146.949951171875,4136
2021-06-03,3233.14990234375,16037
2021-06-04,3202.14990234375,9378
2021-06-07,3229.64990234375,9947
2021-06-08,3277.10009765625,89611
2021-06-09,3360.39990234375,26748
2021-06-10,3473.35009765625,37839
2021-06-11,3399.199951171875,15742
2021-06-14,3321.25,9312
2021-06-15,3460.25,17929
2021-06-16,3381.39990234375,7602
2021-06-17,3347.35009765625,15797
2021-06-18,3246.25,8378
2021-06-21,3371.60009765625,15917
2021-06-22,3364.550048828125,4710
2021-06-23,3317.699951171875,6166
2021-06-24,3247.89990234375,6037
2021-06-25,3224.89990234375,6997
2021-06-28,3236.449951171875,3073
2021-06-29,3243.949951171875,2340
2021-06-30,3258.39990234375,2900
2021-07-01,3265.0,2051
2021-07-02,3302.699951171875,9388
2021-07-05,3325.10009765625,6003
2021-07-06,3345.60009765625,3455
2021-07-07,3457.64990234375,26931
2021-07-08,3447.14990234375,9876
2021-07-09,3453.85009765625,6006
2021-07-12,3551.300048828125,16928
2021-07-13,3547.85009765625,4826
2021-07-14,3644.64990234375,15022
2021-07-15,3568.300048828125,5380
2021-07-16,3560.199951171875,3930
2021-07-19,3810.89990234375,183921
2021-07-20,3817.25,147987
2021-07-22,3800.050048828125,22336
2021-07-23,3751.64990234375,13108
2021-07-26,3782.300048828125,7595
2021-07-27,3707.60009765625,4338
2021-07-28,3659.10009765625,7539
2021-07-29,3752.35009765625,71679
2021-07-30,3753.60009765625,14204
2021-08-02,3737.10009765625,13700
2021-08-03,3690.199951171875,5842
2021-08-04,3621.050048828125,7141
2021-08-05,3553.25,6200
2021-08-06,3526.60009765625,3803
2021-08-09,3510.300048828125,3980
2021-08-10,3475.10009765625,7569
2021-08-11,3496.25,5838
2021-08-12,3660.949951171875,8279
2021-08-13,3702.35009765625,5702
2021-08-16,3692.60009765625,4061
2021-08-17,3739.75,13228
2021-08-18,3698.199951171875,2978
2021-08-20,3570.199951171875,3124
2021-08-23,3535.449951171875,11892
2021-08-24,3584.85009765625,3416
2021-08-25,3644.89990234375,6972
2021-08-26,3636.39990234375,10442
2021-08-27,3589.0,2662
2021-08-30,3568.050048828125,3957
2021-08-31,3529.550048828125,17297
2021-09-01,3596.949951171875,15548
2021-09-02,3571.800048828125,10523
2021-09-03,3574.050048828125,3308
2021-09-06,3573.699951171875,20708
2021-09-07,3558.39990234375,3096
2021-09-08,3550.75,14534
2021-09-09,3548.14990234375,2867
2021-09-13,3591.35009765625,3597
2021-09-14,3545.300048828125,3572
2021-09-15,3581.60009765625,1242
2021-09-16,3537.10009765625,1849
2021-09-17,3538.050048828125,2373
2021-09-20,3547.050048828125,1868
2021-09-21,3536.800048828125,2505
2021-09-22,3581.75,2531
2021-09-23,3646.25,5844
2021-09-24,3572.85009765625,30066
2021-09-27,3602.64990234375,1522
2021-09-28,3613.449951171875,2121
2021-09-29,3582.199951171875,1085
2021-09-30,3552.449951171875,1644
2021-10-01,3519.050048828125,953
2021-10-04,3598.10009765625,2495
2021-10-05,3537.35009765625,2061
2021-10-06,3506.050048828125,2088
2021-10-07,3479.699951171875,2841
2021-10-08,3531.949951171875,1686
2021-10-11,3510.85009765625,2222
2021-10-12,3469.550048828125,3516
2021-10-13,3491.64990234375,1032
2021-10-14,3575.35009765625,3669
2021-10-18,3693.64990234375,13382
2021-10-19,3733.0,7910
2021-10-20,3675.550048828125,2656
2021-10-21,3570.699951171875,4077
2021-10-22,3664.050048828125,6396
2021-10-25,3543.85009765625,1677
2021-10-26,3659.85009765625,5409
2021-10-27,3562.60009765625,1915
2021-10-28,3551.60009765625,1752
2021-10-29,3455.199951171875,3907
2021-11-01,3500.050048828125,1155
2021-11-02,3531.300048828125,1073
2021-11-03,3498.60009765625,3588
2021-11-04,3514.0,162
2021-11-08,3524.35009765625,816
2021-11-09,3525.35009765625,748
2021-11-10,3536.5,1290
2021-11-11,3520.800048828125,3976
2021-11-12,3531.10009765625,1570
2021-11-15,3517.60009765625,1810
2021-11-16,3542.64990234375,2073
2021-11-17,3665.39990234375,9026
2021-11-18,3707.550048828125,7514
2021-11-22,3629.85009765625,10671
2021-11-23,3604.550048828125,991
2021-11-24,3658.800048828125,49490
2021-11-25,3625.64990234375,12332
2021-11-26,3481.5,1963
2021-11-29,3446.300048828125,4985
2021-11-30,3602.75,2810
2021-12-01,3577.85009765625,16483
2021-12-02,3577.699951171875,1395
2021-12-03,3627.75,1845
2021-12-06,3522.64990234375,1320
2021-12-07,3478.25,3242
2021-12-08,3519.0,1571
2021-12-09,3513.300048828125,4776
2021-12-10,3510.25,2239
2021-12-13,3503.10009765625,1542
2021-12-14,3502.699951171875,746
2021-12-15,3542.550048828125,974
2021-12-16,3509.85009765625,3976
2021-12-17,3481.0,2318
2021-12-20,3406.60009765625,1180
2021-12-21,3396.14990234375,1923
2021-12-22,3418.550048828125,2289
2021-12-23,3396.050048828125,8405
2021-12-24,3406.64990234375,14262
2021-12-27,3449.10009765625,1426
2021-12-28,3400.449951171875,22950
2021-12-29,3402.5,1846
2021-12-30,3405.0,905
2021-12-31,3393.35009765625,7582
2022-01-03,3402.800048828125,5858
2022-01-04,3399.5,15833
2022-01-05,3399.60009765625,10698
2022-01-06,3423.14990234375,5632
2022-01-07,3396.050048828125,3283
2022-01-10,3402.050048828125,1112
2022-01-11,3410.800048828125,2110
2022-01-12,3394.85009765625,5769
2022-01-13,3403.89990234375,40722
2022-01-14,3507.699951171875,8218
2022-01-17,3534.64990234375,7257
2022-01-18,3551.449951171875,3815
2022-01-19,3524.75,9639
2022-01-20,3544.85009765625,5709
2022-01-21,3500.449951171875,10103
2022-01-24,3531.75,8852
2022-01-25,3460.39990234375,7600
2022-01-27,3550.35009765625,30963
2022-01-28,3603.050048828125,4266
2022-01-31,3678.64990234375,5219
2022-02-01,3743.449951171875,4567
2022-02-02,3759.39990234375,3715
2022-02-03,3776.85009765625,2444
2022-02-04,3802.39990234375,1999
2022-02-07,3750.64990234375,604
2022-02-08,3741.0,1287
2022-02-09,3703.699951171875,996
2022-02-10,3723.89990234375,1772
2022-02-11,3697.25,463
2022-02-14,3611.949951171875,1315
2022-02-15,3675.5,1371
2022-02-16,3744.25,2267
2022-02-17,3681.89990234375,938
2022-02-18,3714.85009765625,1095
2022-02-21,3620.14990234375,1195
2022-02-22,3700.39990234375,5312
2022-02-23,3720.85009765625,1837
2022-02-24,3694.85009765625,12061
2022-02-25,3719.949951171875,1673
2022-02-28,3727.85009765625,1010
2022-03-02,3682.75,16921
2022-03-03,3663.64990234375,12078
2022-03-04,3719.949951171875,12589
2022-03-07,3693.64990234375,16418
2022-03-08,3701.699951171875,11829
2022-03-09,3752.35009765625,930
2022-03-10,3832.39990234375,31196
2022-03-11,3741.39990234375,3148
2022-03-14,3716.800048828125,11029
2022-03-15,3734.949951171875,3750
2022-03-16,3804.199951171875,2267
2022-03-17,3832.949951171875,3878
2022-03-21,3851.949951171875,2214
2022-03-22,3851.0,3083
2022-03-23,4002.550048828125,21301
2022-03-24,4109.39990234375,11554
2022-03-25,4102.85009765625,3806
2022-03-28,4102.64990234375,2174
2022-03-29,4100.7001953125,3078
2022-03-30,4101.9501953125,3585
2022-03-31,4234.2001953125,8929
2022-04-01,4127.25,2514
2022-04-04,4111.64990234375,2123
2022-04-05,4311.89990234375,9091
2022-04-06,4263.10009765625,2037
2022-04-07,4299.0,4398
2022-04-08,4221.14990234375,922
2022-04-11,4385.85009765625,8996
2022-04-12,4317.75,2201
2022-04-13,4336.7998046875,962
2022-04-18,4206.60009765625,3557
2022-04-19,4080.800048828125,2469
2022-04-20,4028.300048828125,1534
2022-04-21,3991.949951171875,2271
2022-04-22,4188.5498046875,15208
2022-04-25,4207.0498046875,9885
2022-04-26,4121.0498046875,1699
2022-04-27,4091.25,7671
2022-04-28,4088.550048828125,2444
2022-04-29,4084.89990234375,1350
2022-05-02,4041.25,4033
2022-05-04,3972.35009765625,1928
2022-05-05,3969.39990234375,559
2022-05-06,4007.85009765625,1762
2022-05-09,3887.449951171875,2109
2022-05-10,3881.85009765625,2180
2022-05-11,3850.85009765625,2952
2022-05-12,3874.050048828125,1849
2022-05-13,3957.85009765625,5579
2022-05-16,4026.85009765625,667
2022-05-17,4013.60009765625,9070
2022-05-18,4001.699951171875,989
2022-05-19,4016.14990234375,11329
2022-05-20,4031.800048828125,7503
2022-05-23,4069.949951171875,1369
2022-05-24,4088.39990234375,2545
2022-05-25,4041.699951171875,3082
2022-05-26,4022.199951171875,15418
2022-05-27,4048.800048828125,12395
2022-05-30,3947.89990234375,8494
2022-05-31,3922.89990234375,1568
2022-06-01,3905.85009765625,868
2022-06-02,3884.85009765625,1439
2022-06-03,3982.25,1410
2022-06-06,3904.050048828125,1158
2022-06-07,3941.14990234375,555
2022-06-08,3933.75,1365
2022-06-09,3951.60009765625,10542
2022-06-10,3951.85009765625,588
2022-06-13,3925.64990234375,5970
2022-06-14,3929.300048828125,6094
2022-06-15,3907.10009765625,6487
2022-06-16,3910.89990234375,11881
2022-06-17,3843.64990234375,580
2022-06-20,3699.75,11168
2022-06-21,3764.5,260
2022-06-22,3735.75,3739
2022-06-23,3727.050048828125,1190
2022-06-24,3758.199951171875,10345
2022-06-27,3718.699951171875,1672
2022-06-28,3723.75,653
2022-06-29,3731.800048828125,20136
2022-06-30,3696.85009765625,5334
2022-07-01,3689.550048828125,2836
2022-07-04,3690.699951171875,6239
2022-07-05,3771.199951171875,10727
2022-07-06,3775.050048828125,5896
2022-07-07,3747.949951171875,6786
2022-07-08,3814.300048828125,1965
2022-07-11,3815.10009765625,208
2022-07-12,3800.35009765625,1313
2022-07-13,3887.699951171875,1117
2022-07-14,3852.25,490
2022-07-15,3824.050048828125,379
2022-07-18,4087.25,43258
2022-07-19,4059.39990234375,2509
2022-07-20,4002.35009765625,2275
2022-07-21,4090.199951171875,875
2022-07-22,4092.10009765625,15841
2022-07-25,4056.35009765625,2876
2022-07-26,4020.699951171875,1673
2022-07-27,3977.050048828125,952
2022-07-28,3929.199951171875,371
2022-07-29,3897.85009765625,1133
2022-08-01,3880.949951171875,2202
2022-08-02,3852.050048828125,6386
2022-08-03,3836.89990234375,3718
2022-08-04,3835.64990234375,21448
2022-08-05,3836.10009765625,16793
2022-08-08,3850.14990234375,11069
2022-08-10,3821.25,1905
2022-08-11,3829.199951171875,1473
2022-08-12,3836.64990234375,14053
2022-08-16,3918.85009765625,1185
2022-08-17,3925.14990234375,1289
2022-08-18,3856.75,2968
2022-08-19,3911.949951171875,831
2022-08-22,3821.89990234375,4325
2022-08-23,3839.449951171875,5300
2022-08-24,3801.89990234375,10715
2022-08-25,3804.300048828125,19372
2022-08-26,3787.14990234375,1176
2022-08-29,3706.75,1785
2022-08-30,3724.949951171875,11087
2022-09-01,3807.550048828125,2041
2022-09-02,3758.199951171875,18895
2022-09-05,3794.35009765625,1161
2022-09-06,3777.10009765625,10874
2022-09-07,3715.300048828125,6260
2022-09-08,3687.14990234375,5202
2022-09-09,3706.35009765625,1885
2022-09-12,3707.5,2333
2022-09-13,3813.050048828125,5838
2022-09-14,3792.75,1109
2022-09-15,3777.800048828125,7366
2022-09-16,3921.89990234375,73280
2022-09-19,3977.64990234375,10489
2022-09-20,3952.14990234375,994
2022-09-21,3885.949951171875,785
2022-09-22,3988.949951171875,12380
2022-09-23,3990.39990234375,3039
2022-09-26,4034.10009765625,22874
2022-09-27,3965.050048828125,12216
2022-09-28,3844.25,21954
2022-09-29,4038.050048828125,2681
2022-09-30,3970.10009765625,1117
2022-10-03,3971.35009765625,1077
2022-10-04,3955.5,1323
2022-10-06,3998.699951171875,2324
2022-10-07,4015.89990234375,1361
2022-10-10,4202.85009765625,28947
2022-10-11,4110.2001953125,8122
2022-10-12,4004.60009765625,3729
2022-10-13,4060.699951171875,6395
2022-10-14,4011.75,1664
2022-10-17,3982.35009765625,904
2022-10-18,3972.5,1020
2022-10-19,4030.199951171875,1877
2022-10-20,4128.89990234375,77908
2022-10-21,4202.4501953125,25369
2022-10-24,4188.4501953125,951
2022-10-25,4146.85009765625,5894
2022-10-27,4285.5,5628
2022-10-28,4209.7001953125,25746
2022-10-31,4149.39990234375,15233
2022-11-01,4169.64990234375,5534
2022-11-02,4087.64990234375,3422
2022-11-03,4112.7998046875,4108
2022-11-04,4095.800048828125,8757
2022-11-07,4147.7001953125,7648
2022-11-09,4090.35009765625,5245
2022-11-10,4038.75,2760
2022-11-11,4000.60009765625,16488
2022-11-14,4034.800048828125,31622
2022-11-15,4040.199951171875,5956
2022-11-16,4082.550048828125,5600
2022-11-17,4129.25,6986
2022-11-18,4122.10009765625,8222
2022-11-21,4140.10009765625,7511
2022-11-22,4235.89990234375,16083
2022-11-23,4280.10009765625,20567
2022-11-24,4334.4501953125,5737
2022-11-25,4288.5,11333
2022-11-28,4241.0498046875,3556
2022-11-29,4419.35009765625,30921
2022-11-30,4405.35009765625,7070
2022-12-01,4383.2001953125,4727
2022-12-02,4390.14990234375,3048
2022-12-05,4418.35009765625,3085
2022-12-06,4448.4501953125,4441
2022-12-07,4412.85009765625,3838
2022-12-08,4399.10009765625,10942
2022-12-09,4440.7001953125,1829
2022-12-12,4528.85009765625,4691
2022-12-13,4541.64990234375,15351
2022-12-14,4619.39990234375,7997
2022-12-15,4552.14990234375,7194
2022-12-16,4561.0498046875,3141
2022-12-19,4578.2998046875,2714
2022-12-20,4480.5498046875,7603
2022-12-21,4468.2998046875,4138
2022-12-22,4391.5498046875,5299
2022-12-23,4375.9501953125,4974
2022-12-26,4504.5,4169
2022-12-27,4451.75,2754
2022-12-28,4532.2001953125,2431
2022-12-29,4555.5498046875,1249
2022-12-30,4585.89990234375,2578
2023-01-02,5155.14990234375,69841
2023-01-03,4929.85009765625,29170
2023-01-04,4821.64990234375,11708
2023-01-05,4867.10009765625,17586
2023-01-06,4769.75,3290
2023-01-09,4763.4501953125,2845
2023-01-10,4708.0,3195
2023-01-11,4714.35009765625,8450
2023-01-12,4679.85009765625,4404
2023-01-13,4616.2998046875,2895
2023-01-16,4544.25,2901
2023-01-17,4541.64990234375,6887
2023-01-18,4510.14990234375,3633
2023-01-19,4483.7001953125,4146
2023-01-20,4404.0498046875,9936
2023-01-23,4348.4501953125,2562
2023-01-24,4367.7001953125,7488
2023-01-25,4446.2001953125,3663
2023-01-27,4439.60009765625,3881
2023-01-30,4465.25,1707
2023-01-31,4485.60009765625,2574
2023-02-01,4379.89990234375,3969
2023-02-02,4418.2001953125,5607
2023-02-03,4435.0,11230
2023-02-06,4439.4501953125,3663
2023-02-07,4635.75,4866
2023-02-08,4583.35009765625,1751
2023-02-09,4562.0498046875,1109
2023-02-10,4585.35009765625,788
2023-02-13,4512.4501953125,1984
2023-02-14,4436.4501953125,2927
2023-02-15,4485.10009765625,1000
2023-02-16,4616.25,2687
2023-02-17,4574.9501953125,5135
2023-02-20,4572.0,4560
2023-02-21,4550.2001953125,2501
2023-02-22,4552.4501953125,5092
2023-02-23,4488.10009765625,2701
2023-02-24,4437.39990234375,3032
2023-02-27,4471.5,1485
2023-02-28,4454.0498046875,1298
2023-03-01,4434.60009765625,865
2023-03-02,4644.64990234375,16362
2023-03-03,4644.39990234375,3500
2023-03-06,4670.0498046875,1324
2023-03-08,4672.60009765625,1304
2023-03-09,4664.2001953125,2594
2023-03-10,4656.2998046875,6369
2023-03-13,4633.64990234375,3974
2023-03-14,4509.9501953125,1580
2023-03-15,4467.89990234375,1098
2023-03-16,4455.4501953125,812
2023-03-17,4508.4501953125,883
2023-03-20,4451.7998046875,1314
2023-03-21,4460.2001953125,1932
2023-03-22,4467.35009765625,6654
2023-03-23,4503.25,1365
2023-03-24,4443.35009765625,1122
2023-03-27,4425.85009765625,3131
2023-03-28,4449.10009765625,11093
2023-03-29,4415.2001953125,779
2023-03-31,4422.35009765625,392
2023-04-03,4465.25,961
2023-04-05,4500.9501953125,693
2023-04-06,4625.25,1397
2023-04-10,4734.5,1219
2023-04-11,4757.14990234375,1352
2023-04-12,4692.7998046875,1729
2023-04-13,4672.10009765625,824
2023-04-17,4749.89990234375,1754
2023-04-18,4773.0,646
2023-04-19,4803.25,1422
2023-04-20,4877.2998046875,1592
2023-04-21,4861.60009765625,958
2023-04-24,4781.5498046875,631
2023-04-25,4797.60009765625,304
2023-04-26,4774.0,527
2023-04-27,4754.5,369
2023-04-28,4731.2001953125,1356
2023-05-02,4795.0498046875,544
2023-05-03,4885.0498046875,2751
2023-05-04,4814.5498046875,2085
2023-05-05,4777.64990234375,823
2023-05-08,4788.75,1975
2023-05-09,4760.7998046875,436
2023-05-10,4794.7998046875,810
2023-05-11,4797.64990234375,879
2023-05-12,4792.5498046875,1421
2023-05-15,4727.35009765625,1457
2023-05-16,4800.75,999
2023-05-17,4775.14990234375,1048
2023-05-18,4752.89990234375,511
2023-05-19,4757.64990234375,1230
2023-05-22,4805.7998046875,2547
2023-05-23,4777.7001953125,2273
2023-05-24,4720.25,1867
2023-05-25,4745.89990234375,3424
2023-05-26,4766.5,2241
2023-05-29,4886.75,25328
2023-05-30,4926.25,11862
2023-05-31,4982.64990234375,3870
2023-06-01,4907.7001953125,1697
2023-06-02,4934.75,3500
2023-06-05,4899.9501953125,20653
2023-06-06,4891.39990234375,1912
2023-06-07,4923.25,3083
2023-06-08,4913.39990234375,6259
2023-06-09,4882.7998046875,11244
2023-06-12,4898.7998046875,4210
2023-06-13,4904.0498046875,9948
2023-06-14,4905.39990234375,7900
2023-06-15,4882.85009765625,7502
2023-06-16,4913.25,3210
2023-06-19,4933.4501953125,6700
2023-06-20,4960.0,2349
2023-06-21,4981.14990234375,1163
2023-06-22,5000.9501953125,7169
2023-06-23,5068.5,3345
2023-06-26,5206.39990234375,6152
2023-06-27,5252.14990234375,6399
2023-06-30,5341.64990234375,11157
2023-07-03,5501.2001953125,15704
2023-07-04,5502.75,8292
2023-07-05,5516.5,4842
2023-07-06,5517.5498046875,941
2023-07-07,5437.39990234375,2185
2023-07-10,5457.5,2008
2023-07-11,5463.35009765625,1221
2023-07-12,5478.39990234375,1297
2023-07-13,5424.0498046875,1967
2023-07-14,5422.75,1506
2023-07-17,5445.39990234375,3036
2023-07-18,5444.2001953125,3269
2023-07-19,5501.85009765625,3292
2023-07-20,5528.14990234375,4596
2023-07-21,5492.60009765625,4076
2023-07-24,5496.2001953125,2291
2023-07-25,5521.4501953125,3592
2023-07-26,5516.25,3502
2023-07-27,5568.75,8658
2023-07-28,5370.7998046875,5630
2023-07-31,5632.85009765625,34893
2023-08-01,5684.85009765625,17368
2023-08-02,5693.39990234375,8544
2023-08-03,5620.0,31101
2023-08-04,5660.0498046875,3348
2023-08-07,5571.2001953125,21136
2023-08-08,5573.9501953125,12424
2023-08-09,5599.25,7523
2023-08-10,5614.39990234375,3898
2023-08-11,5883.85009765625,47037
2023-08-14,5973.4501953125,15978
2023-08-16,5969.10009765625,21602
2023-08-17,6017.7998046875,7270
2023-08-18,6149.14990234375,14358
2023-08-21,6141.5498046875,4325
2023-08-22,6080.10009765625,3606
2023-08-23,6083.2001953125,4978
2023-08-24,5987.0498046875,5740
2023-08-25,5943.25,9220
2023-08-28,5926.35009765625,11420
2023-08-29,5988.7001953125,11938
2023-08-30,5928.60009765625,26037
2023-08-31,5850.4501953125,83407
2023-09-01,5708.7001953125,9296
2023-09-04,5647.0,32594
2023-09-05,5706.9501953125,7058
