Date,Close,Volume
2002-08-12,60.29999923706055,775
2002-08-13,60.900001525878906,1256
2002-08-14,59.349998474121094,1594
2002-08-15,59.349998474121094,0
2002-08-16,59.95000076293945,2386
2002-08-19,60.0,3164
2002-08-20,60.0,3402
2002-08-21,58.0,2050
2002-08-22,58.95000076293945,1250
2002-08-23,59.400001525878906,225
2002-08-26,58.650001525878906,1825
2002-08-27,58.54999923706055,3030
2002-08-28,57.849998474121094,485
2002-08-29,57.5,1850
2002-08-30,58.0,1959
2002-09-02,59.349998474121094,1789
2002-09-03,59.150001525878906,1485
2002-09-04,59.0,1095
2002-09-05,59.45000076293945,1453
2002-09-06,59.04999923706055,3152
2002-09-09,58.04999923706055,973
2002-09-10,58.04999923706055,0
2002-09-11,58.20000076293945,829
2002-09-12,58.95000076293945,3613
2002-09-13,58.25,1448
2002-09-16,56.849998474121094,3104
2002-09-17,58.25,2535
2002-09-18,59.04999923706055,5358
2002-09-19,58.54999923706055,4432
2002-09-20,58.5,1221
2002-09-23,58.400001525878906,1700
2002-09-24,58.400001525878906,1450
2002-09-25,57.599998474121094,452
2002-09-26,57.900001525878906,950
2002-09-27,58.650001525878906,458
2002-09-30,56.95000076293945,1616
2002-10-01,56.95000076293945,1300
2002-10-02,56.95000076293945,0
2002-10-03,56.20000076293945,2102
2002-10-04,56.400001525878906,1823
2002-10-07,57.099998474121094,400
2002-10-08,57.0,1375
2002-10-09,56.849998474121094,1874
2002-10-10,56.04999923706055,953
2002-10-11,58.0,635
2002-10-14,58.45000076293945,781
2002-10-15,58.45000076293945,0
2002-10-16,56.650001525878906,570
2002-10-17,57.45000076293945,1540
2002-10-18,56.849998474121094,400
2002-10-21,55.849998474121094,2987
2002-10-22,56.45000076293945,797
2002-10-23,55.849998474121094,999
2002-10-24,54.25,2207
2002-10-25,53.349998474121094,1697
2002-10-28,53.5,669
2002-10-29,54.900001525878906,365
2002-10-30,55.099998474121094,1740
2002-10-31,56.5,312
2002-11-01,55.0,130
2002-11-04,56.849998474121094,105
2002-11-05,56.95000076293945,463
2002-11-06,56.95000076293945,0
2002-11-07,57.0,630
2002-11-08,55.0,2268
2002-11-11,53.95000076293945,680
2002-11-12,53.150001525878906,1390
2002-11-13,53.400001525878906,1132
2002-11-14,54.0,150
2002-11-15,54.70000076293945,900
2002-11-18,54.0,1717
2002-11-19,54.0,0
2002-11-20,54.599998474121094,1967
2002-11-21,54.599998474121094,658
2002-11-22,54.79999923706055,726
2002-11-25,56.5,1200
2002-11-26,57.70000076293945,2575
2002-11-27,55.54999923706055,2225
2002-11-28,55.849998474121094,821
2002-11-29,55.849998474121094,0
2002-12-02,58.25,2491
2002-12-03,57.70000076293945,1658
2002-12-04,56.0,2967
2002-12-05,56.0,1509
2002-12-06,56.349998474121094,1429
2002-12-09,56.25,3412
2002-12-10,56.0,975
2002-12-11,56.0,658
2002-12-12,55.5,1562
2002-12-13,56.0,817
2002-12-16,56.150001525878906,1239
2002-12-17,55.5,1100
2002-12-18,55.400001525878906,2140
2002-12-19,54.95000076293945,2862
2002-12-20,55.75,1665
2002-12-23,55.599998474121094,1000
2002-12-24,56.0,377
2002-12-25,56.0,0
2002-12-26,55.849998474121094,2441
2002-12-27,56.20000076293945,1908
2002-12-30,56.5,710
2002-12-31,57.5,5368
2003-01-01,57.0,1014
2003-01-02,56.54999923706055,1195
2003-01-03,57.849998474121094,1586
2003-01-06,56.599998474121094,2755
2003-01-07,56.650001525878906,1150
2003-01-08,56.099998474121094,2268
2003-01-09,56.04999923706055,1637
2003-01-10,56.04999923706055,1780
2003-01-13,55.70000076293945,2325
2003-01-14,56.599998474121094,15936
2003-01-15,56.95000076293945,1471
2003-01-16,56.5,1935
2003-01-17,56.599998474121094,1053
2003-01-20,57.650001525878906,2061
2003-01-21,58.900001525878906,10059
2003-01-22,59.400001525878906,6377
2003-01-23,60.400001525878906,11625
2003-01-24,58.45000076293945,7286
2003-01-27,57.099998474121094,4752
2003-01-28,57.45000076293945,4150
2003-01-29,58.5,3912
2003-01-30,59.599998474121094,7397
2003-01-31,59.70000076293945,2885
2003-02-03,64.80000305175781,18818
2003-02-04,61.75,6515
2003-02-05,58.5,26376
2003-02-06,58.0,26527
2003-02-07,57.20000076293945,5785
2003-02-10,56.95000076293945,14813
2003-02-11,56.75,5959
2003-02-12,56.04999923706055,14216
2003-02-13,56.04999923706055,0
2003-02-14,56.29999923706055,3830
2003-02-17,57.29999923706055,2860
2003-02-18,59.04999923706055,2527
2003-02-19,59.349998474121094,4345
2003-02-20,59.95000076293945,2451
2003-02-21,60.150001525878906,2030
2003-02-24,61.29999923706055,4720
2003-02-25,60.04999923706055,1735
2003-02-26,59.900001525878906,1950
2003-02-27,61.79999923706055,2111
2003-02-28,60.79999923706055,12051
2003-03-03,61.400001525878906,5053
2003-03-04,60.04999923706055,1700
2003-03-05,59.25,2174
2003-03-06,59.20000076293945,761
2003-03-07,58.5,1682
2003-03-10,58.0,655
2003-03-11,57.79999923706055,433
2003-03-12,58.04999923706055,4150
2003-03-13,57.75,4617
2003-03-14,57.75,0
2003-03-17,58.54999923706055,1276
2003-03-18,58.54999923706055,0
2003-03-19,57.5,3235
2003-03-20,59.25,1926
2003-03-21,59.25,0
2003-03-24,58.849998474121094,988
2003-03-25,58.900001525878906,2026
2003-03-26,59.0,1713
2003-03-27,59.75,2458
2003-03-28,61.099998474121094,2363
2003-03-31,61.45000076293945,9423
2003-04-01,61.29999923706055,2351
2003-04-02,62.75,1081
2003-04-03,62.599998474121094,1861
2003-04-04,65.1500015258789,4425
2003-04-07,67.30000305175781,6058
2003-04-08,67.0,3804
2003-04-09,66.05000305175781,5114
2003-04-10,65.25,4261
2003-04-11,63.75,835
2003-04-15,64.8499984741211,1132
2003-04-16,64.0999984741211,3659
2003-04-17,64.25,895
2003-04-18,64.25,0
2003-04-21,65.05000305175781,8704
2003-04-22,64.69999694824219,1975
2003-04-23,65.1500015258789,13034
2003-04-24,64.75,5602
2003-04-25,64.75,611
2003-04-28,63.95000076293945,1242
2003-04-29,64.0999984741211,3180
2003-04-30,64.05000305175781,2337
2003-05-01,64.05000305175781,0
2003-05-02,64.9000015258789,4145
2003-05-05,66.4000015258789,3038
2003-05-06,66.4000015258789,1763
2003-05-07,67.0,4309
2003-05-08,66.44999694824219,1645
2003-05-09,66.19999694824219,1827
2003-05-12,66.0,732
2003-05-13,66.25,5606
2003-05-14,68.75,6645
2003-05-15,69.25,8400
2003-05-16,67.75,6425
2003-05-19,68.55000305175781,3427
2003-05-20,70.80000305175781,10792
2003-05-21,72.5999984741211,13578
2003-05-22,71.94999694824219,7105
2003-05-23,72.3499984741211,5716
2003-05-26,75.9000015258789,8658
2003-05-27,74.94999694824219,17443
2003-05-28,72.1500015258789,22915
2003-05-29,72.25,15395
2003-05-30,57.849998474121094,102351
2003-06-02,52.150001525878906,54650
2003-06-03,54.650001525878906,19822
2003-06-04,54.0,18376
2003-06-05,52.650001525878906,12415
2003-06-06,52.099998474121094,12741
2003-06-09,52.70000076293945,12733
2003-06-10,53.0,16636
2003-06-11,51.5,9172
2003-06-12,49.599998474121094,24537
2003-06-13,50.04999923706055,13676
2003-06-16,50.099998474121094,20521
2003-06-17,50.04999923706055,9690
2003-06-18,50.70000076293945,7235
2003-06-19,51.25,6720
2003-06-20,51.599998474121094,4562
2003-06-23,50.400001525878906,7340
2003-06-24,51.349998474121094,5935
2003-06-25,52.29999923706055,11646
2003-06-26,51.45000076293945,9479
2003-06-27,50.45000076293945,9411
2003-06-30,50.5,7439
2003-07-01,50.5,5581
2003-07-02,51.099998474121094,8376
2003-07-03,54.650001525878906,39044
2003-07-04,55.75,16773
2003-07-07,56.599998474121094,11890
2003-07-08,55.54999923706055,8203
2003-07-09,54.04999923706055,6463
2003-07-10,52.900001525878906,3067
2003-07-11,51.79999923706055,13277
2003-07-14,53.04999923706055,3780
2003-07-15,52.45000076293945,3100
2003-07-16,53.0,1692
2003-07-17,52.04999923706055,5330
2003-07-18,52.0,5632
2003-07-21,50.45000076293945,6746
2003-07-22,50.54999923706055,2519
2003-07-23,50.5,5242
2003-07-24,50.650001525878906,2715
2003-07-25,52.04999923706055,4572
2003-07-28,52.099998474121094,2555
2003-07-29,51.04999923706055,8567
2003-07-30,52.04999923706055,3481
2003-07-31,53.349998474121094,9375
2003-08-01,52.20000076293945,15160
2003-08-04,52.70000076293945,10863
2003-08-05,51.900001525878906,6422
2003-08-06,51.849998474121094,1767
2003-08-07,53.79999923706055,5684
2003-08-08,53.79999923706055,12453
2003-08-11,54.900001525878906,14989
2003-08-12,55.29999923706055,10606
2003-08-13,55.75,5996
2003-08-14,55.95000076293945,10290
2003-08-15,55.95000076293945,0
2003-08-18,54.900001525878906,3206
2003-08-19,53.79999923706055,5147
2003-08-20,55.150001525878906,6693
2003-08-21,54.29999923706055,8571
2003-08-22,53.849998474121094,6325
2003-08-25,53.75,4807
2003-08-26,53.54999923706055,2440
2003-08-27,54.400001525878906,5190
2003-08-28,53.0,8435
2003-08-29,54.04999923706055,9575
2003-09-01,53.5,2470
2003-09-02,53.150001525878906,695
2003-09-03,53.04999923706055,4752
2003-09-04,53.400001525878906,2304
2003-09-05,53.54999923706055,1832
2003-09-08,53.45000076293945,2187
2003-09-09,52.599998474121094,2448
2003-09-10,51.54999923706055,2932
2003-09-11,51.75,610
2003-09-12,51.900001525878906,1690
2003-09-15,51.099998474121094,1750
2003-09-16,51.29999923706055,1629
2003-09-17,50.849998474121094,898
2003-09-18,50.29999923706055,459
2003-09-19,50.29999923706055,2359
2003-09-22,49.849998474121094,1040
2003-09-23,49.5,1730
2003-09-24,49.25,952
2003-09-25,49.75,238
2003-09-26,49.650001525878906,3296
2003-09-29,49.599998474121094,325
2003-09-30,50.29999923706055,4966
2003-10-01,50.849998474121094,2324
2003-10-02,50.849998474121094,0
2003-10-03,49.5,1500
2003-10-06,50.25,1823
2003-10-07,49.900001525878906,3091
2003-10-08,49.900001525878906,5216
2003-10-09,50.95000076293945,3592
2003-10-10,50.5,1281
2003-10-13,51.20000076293945,20252
2003-10-14,50.900001525878906,12612
2003-10-15,50.599998474121094,1360
2003-10-16,50.45000076293945,1178
2003-10-17,49.75,1905
2003-10-20,49.150001525878906,2950
2003-10-21,48.75,1293
2003-10-22,48.04999923706055,2392
2003-10-23,48.0,374
2003-10-24,48.0,0
2003-10-27,48.04999923706055,945
2003-10-28,47.75,1373
2003-10-29,47.599998474121094,1292
2003-10-30,48.150001525878906,6103
2003-10-31,49.29999923706055,6989
2003-11-03,50.849998474121094,6822
2003-11-04,52.25,8532
2003-11-05,52.79999923706055,3956
2003-11-06,52.0,2532
2003-11-07,52.650001525878906,1200
2003-11-10,55.95000076293945,2908
2003-11-11,56.45000076293945,8726
2003-11-12,58.5,15759
2003-11-13,57.45000076293945,7470
2003-11-14,57.45000076293945,0
2003-11-17,58.79999923706055,9686
2003-11-18,58.150001525878906,8235
2003-11-19,56.400001525878906,3478
2003-11-20,57.349998474121094,6748
2003-11-21,56.45000076293945,1687
2003-11-24,58.150001525878906,4307
2003-11-25,58.20000076293945,3183
2003-11-26,58.20000076293945,0
2003-11-27,59.0,6873
2003-11-28,59.599998474121094,8078
2003-12-01,61.849998474121094,15570
2003-12-02,67.0999984741211,23588
2003-12-03,73.6500015258789,47280
2003-12-04,75.19999694824219,38647
2003-12-05,82.19999694824219,85285
2003-12-08,84.0999984741211,108434
2003-12-09,87.4000015258789,174562
2003-12-10,88.94999694824219,203484
2003-12-11,87.30000305175781,64795
2003-12-12,92.94999694824219,103845
2003-12-15,98.5999984741211,290475
2003-12-16,108.5,106542
2003-12-17,119.0999984741211,338544
2003-12-18,118.1500015258789,188167
2003-12-19,116.5999984741211,74693
2003-12-22,113.55000305175781,46851
2003-12-23,108.80000305175781,54997
2003-12-24,111.9000015258789,44663
2003-12-25,111.9000015258789,0
2003-12-26,113.6500015258789,25465
2003-12-29,111.94999694824219,29407
2003-12-30,108.9000015258789,34443
2003-12-31,106.44999694824219,30473
2004-01-01,108.30000305175781,18187
2004-01-02,114.9000015258789,76662
2004-01-05,115.0,61739
2004-01-06,114.8499984741211,85784
2004-01-07,113.75,22871
2004-01-08,117.4000015258789,46361
2004-01-09,111.19999694824219,27913
2004-01-12,108.8499984741211,27838
2004-01-13,101.19999694824219,45692
2004-01-14,102.5,34861
2004-01-15,102.0999984741211,37165
2004-01-16,97.0,18245
2004-01-19,97.55000305175781,21299
2004-01-20,94.9000015258789,16928
2004-01-21,86.25,26996
2004-01-22,81.8499984741211,16780
2004-01-23,87.5,12538
2004-01-26,87.5,0
2004-01-27,88.55000305175781,10468
2004-01-28,87.5999984741211,11750
2004-01-29,86.9000015258789,9013
2004-01-30,81.19999694824219,6675
2004-02-02,81.19999694824219,0
2004-02-03,80.44999694824219,13205
2004-02-04,84.6500015258789,14311
2004-02-05,89.1500015258789,27588
2004-02-06,85.3499984741211,12789
2004-02-09,86.19999694824219,5867
2004-02-10,86.8499984741211,2863
2004-02-11,87.75,2518
2004-02-12,85.5999984741211,10544
2004-02-13,83.4000015258789,16534
2004-02-16,83.30000305175781,11071
2004-02-17,82.75,5146
2004-02-18,82.55000305175781,5681
2004-02-19,81.55000305175781,3872
2004-02-20,80.5999984741211,4455
2004-02-23,79.05000305175781,4091
2004-02-24,76.9000015258789,7465
2004-02-25,74.80000305175781,8614
2004-02-26,74.4000015258789,7154
2004-02-27,74.94999694824219,10997
2004-03-01,75.4000015258789,21949
2004-03-02,75.4000015258789,0
2004-03-03,76.55000305175781,10882
2004-03-04,77.5,10035
2004-03-05,75.5999984741211,20138
2004-03-08,77.0,3560
2004-03-09,77.6500015258789,6938
2004-03-10,75.94999694824219,28000
2004-03-11,76.0,9260
2004-03-12,75.5,6381
2004-03-15,71.30000305175781,17205
2004-03-16,70.0,4056
2004-03-17,67.55000305175781,4379
2004-03-18,68.80000305175781,5172
2004-03-19,67.5999984741211,6747
2004-03-22,64.19999694824219,14430
2004-03-23,62.650001525878906,52883
2004-03-24,62.29999923706055,2093
2004-03-25,64.69999694824219,8087
2004-03-26,69.0,25676
2004-03-29,71.3499984741211,8221
2004-03-30,74.5,7421
2004-03-31,73.8499984741211,8287
2004-04-01,81.25,12243
2004-04-02,86.4000015258789,20263
2004-04-05,86.94999694824219,4207
2004-04-06,79.75,4914
2004-04-07,83.9000015258789,5799
2004-04-08,85.0999984741211,5241
2004-04-09,85.0999984741211,0
2004-04-12,93.55000305175781,21713
2004-04-13,99.0999984741211,40022
2004-04-14,99.0999984741211,0
2004-04-15,109.05000305175781,93784
2004-04-16,109.05000305175781,0
2004-04-19,100.5999984741211,34895
2004-04-20,99.19999694824219,17749
2004-04-21,100.19999694824219,8235
2004-04-22,98.25,7874
2004-04-23,100.9000015258789,28313
2004-04-27,92.80000305175781,23244
2004-04-28,93.6500015258789,4765
2004-04-29,95.30000305175781,4945
2004-04-30,104.1500015258789,67194
2004-05-03,98.6500015258789,34312
2004-05-04,105.69999694824219,44326
2004-05-05,108.3499984741211,42159
2004-05-06,110.3499984741211,43579
2004-05-07,109.3499984741211,14558
2004-05-10,106.4000015258789,22336
2004-05-11,96.80000305175781,17228
2004-05-12,101.9000015258789,13301
2004-05-13,99.75,12028
2004-05-14,91.0999984741211,32273
2004-05-17,82.0999984741211,7646
2004-05-18,78.55000305175781,16384
2004-05-19,86.44999694824219,10946
2004-05-20,94.69999694824219,26952
2004-05-21,95.25,47224
2004-05-24,98.05000305175781,30022
2004-05-25,99.75,31469
2004-05-26,99.25,23729
2004-05-27,100.05000305175781,25012
2004-05-28,90.5999984741211,18697
2004-05-31,86.69999694824219,18774
2004-06-01,88.75,7008
2004-06-02,89.6500015258789,7319
2004-06-03,87.1500015258789,6288
2004-06-04,89.75,7599
2004-06-07,88.9000015258789,2260
2004-06-08,86.55000305175781,740
2004-06-09,88.9000015258789,3944
2004-06-10,89.3499984741211,13267
2004-06-11,88.1500015258789,4456
2004-06-14,84.55000305175781,11612
2004-06-15,84.44999694824219,6905
2004-06-16,87.1500015258789,16933
2004-06-17,86.94999694824219,3688
2004-06-18,85.19999694824219,4033
2004-06-21,86.94999694824219,2996
2004-06-22,87.75,2702
2004-06-23,83.5,2574
2004-06-24,86.75,2077
2004-06-25,86.69999694824219,3407
2004-06-28,89.80000305175781,26986
2004-06-29,90.0,9758
2004-06-30,88.5999984741211,6915
2004-07-01,88.9000015258789,5836
2004-07-02,90.69999694824219,13074
2004-07-05,91.3499984741211,22431
2004-07-06,92.4000015258789,3703
2004-07-07,92.3499984741211,39601
2004-07-08,87.44999694824219,27881
2004-07-09,88.44999694824219,10136
2004-07-12,90.0,7834
2004-07-13,88.0,2207
2004-07-14,87.30000305175781,11666
2004-07-15,88.80000305175781,12248
2004-07-16,91.3499984741211,18663
2004-07-19,91.94999694824219,30679
2004-07-20,89.6500015258789,6666
2004-07-21,89.69999694824219,3041
2004-07-22,89.4000015258789,12175
2004-07-23,88.8499984741211,5163
2004-07-26,90.1500015258789,7493
2004-07-27,90.1500015258789,0
2004-07-28,90.94999694824219,11261
2004-07-29,92.30000305175781,11025
2004-07-30,93.25,33025
2004-08-02,92.55000305175781,5775
2004-08-03,95.30000305175781,42425
2004-08-04,98.19999694824219,49179
2004-08-05,99.19999694824219,54761
2004-08-06,99.5999984741211,18908
2004-08-09,100.25,15495
2004-08-10,102.5,51569
2004-08-11,105.4000015258789,86854
2004-08-12,105.4000015258789,0
2004-08-13,111.75,51636
2004-08-16,113.25,32268
2004-08-17,117.9000015258789,125682
2004-08-18,114.8499984741211,28225
2004-08-19,114.9000015258789,18917
2004-08-20,113.80000305175781,43665
2004-08-23,112.4000015258789,19875
2004-08-24,115.05000305175781,16238
2004-08-25,114.94999694824219,36816
2004-08-26,123.8499984741211,130409
2004-08-27,133.39999389648438,237682
2004-08-30,137.25,113176
2004-08-31,133.25,77379
2004-09-01,128.60000610351562,82173
2004-09-02,134.0500030517578,720742
2004-09-03,134.0,208289
2004-09-06,139.5500030517578,292031
2004-09-07,139.6999969482422,149727
2004-09-08,137.1999969482422,110584
2004-09-09,140.75,220399
2004-09-10,140.75,0
2004-09-13,133.75,58040
2004-09-14,135.0,50210
2004-09-15,135.60000610351562,70564
2004-09-16,137.10000610351562,109426
2004-09-17,133.64999389648438,89412
2004-09-20,134.75,48166
2004-09-21,137.14999389648438,37145
2004-09-22,138.0,56000
2004-09-23,134.10000610351562,53662
2004-09-24,133.1999969482422,28304
2004-09-27,133.75,26349
2004-09-28,134.0500030517578,17934
2004-09-29,134.25,20101
2004-09-30,136.5500030517578,63126
2004-10-01,134.3000030517578,17554
2004-10-04,133.0,36220
2004-10-05,137.14999389648438,57659
2004-10-06,133.25,24424
2004-10-07,133.25,19204
2004-10-08,133.25,0
2004-10-11,138.0,143232
2004-10-12,135.75,47853
2004-10-14,134.1999969482422,15395
2004-10-15,134.1999969482422,0
2004-10-18,129.8000030517578,21285
2004-10-19,131.89999389648438,15535
2004-10-20,132.1999969482422,22725
2004-10-21,129.60000610351562,18032
2004-10-22,129.60000610351562,0
2004-10-25,127.19999694824219,17413
2004-10-26,127.0999984741211,8591
2004-10-27,127.0999984741211,23986
2004-10-28,130.64999389648438,12049
2004-10-29,130.64999389648438,0
2004-11-01,133.5500030517578,26672
2004-11-02,131.1999969482422,27808
2004-11-03,133.89999389648438,36452
2004-11-04,136.3000030517578,82122
2004-11-05,132.3000030517578,25731
2004-11-08,131.75,12115
2004-11-09,129.10000610351562,19922
2004-11-10,131.89999389648438,131276
2004-11-11,131.1999969482422,18877
2004-11-12,132.3000030517578,6438
2004-11-15,132.3000030517578,0
2004-11-16,135.35000610351562,268511
2004-11-17,135.64999389648438,139783
2004-11-18,134.39999389648438,30378
2004-11-19,134.39999389648438,0
2004-11-22,131.8000030517578,30152
2004-11-23,138.8000030517578,149382
2004-11-24,145.39999389648438,227104
2004-11-25,145.64999389648438,158599
2004-11-26,145.64999389648438,0
2004-11-29,149.10000610351562,108737
2004-11-30,141.89999389648438,69206
2004-12-01,143.1999969482422,65808
2004-12-02,140.39999389648438,58819
2004-12-03,138.8000030517578,28534
2004-12-06,142.39999389648438,99530
2004-12-07,142.6999969482422,47062
2004-12-08,142.1999969482422,116150
2004-12-09,143.60000610351562,45763
2004-12-10,146.14999389648438,264488
2004-12-13,146.14999389648438,0
2004-12-14,156.4499969482422,170506
2004-12-15,151.10000610351562,108846
2004-12-16,154.1999969482422,98995
2004-12-17,154.0,88817
2004-12-20,156.10000610351562,86754
2004-12-21,154.6999969482422,38162
2004-12-22,152.8000030517578,38369
2004-12-23,152.0500030517578,40857
2004-12-24,148.89999389648438,42028
2004-12-27,149.39999389648438,21582
2004-12-28,149.39999389648438,0
2004-12-29,148.5,40119
2004-12-30,144.39999389648438,53957
2004-12-31,145.5,25425
2005-01-03,147.60000610351562,36883
2005-01-04,157.3000030517578,194094
2005-01-05,155.5,413978
2005-01-06,151.39999389648438,137816
2005-01-07,153.0,46511
2005-01-10,157.9499969482422,189450
2005-01-11,152.4499969482422,51895
2005-01-12,145.64999389648438,57114
2005-01-13,148.6999969482422,28616
2005-01-14,149.75,28909
2005-01-17,144.5500030517578,42036
2005-01-18,151.14999389648438,69236
2005-01-19,147.35000610351562,29015
2005-01-20,148.35000610351562,19799
2005-01-24,148.35000610351562,0
2005-01-25,140.39999389648438,61828
2005-01-27,140.85000610351562,20620
2005-01-28,140.3000030517578,31044
2005-01-31,140.3000030517578,39066
2005-02-01,142.4499969482422,54349
2005-02-02,140.6999969482422,42476
2005-02-03,142.5,102590
2005-02-04,146.5,205403
2005-02-07,147.3000030517578,130936
2005-02-08,148.5500030517578,49686
2005-02-09,153.5500030517578,175010
2005-02-10,149.64999389648438,42384
2005-02-11,149.10000610351562,62828
2005-02-14,147.6999969482422,44151
2005-02-15,143.14999389648438,30665
2005-02-16,146.6999969482422,65484
2005-02-17,143.14999389648438,24763
2005-02-18,143.89999389648438,23097
2005-02-21,142.14999389648438,14012
2005-02-22,145.1999969482422,36160
2005-02-23,144.9499969482422,30549
2005-02-24,142.1999969482422,32932
2005-02-25,143.6999969482422,22218
2005-02-28,147.5,113441
2005-03-01,147.5500030517578,56125
2005-03-02,149.89999389648438,48246
2005-03-03,152.10000610351562,60699
2005-03-04,154.64999389648438,88448
2005-03-07,151.60000610351562,30558
2005-03-08,149.8000030517578,21785
2005-03-09,146.5500030517578,17131
2005-03-10,146.5500030517578,0
2005-03-11,146.75,62778
2005-03-14,145.9499969482422,11996
2005-03-15,144.5,11579
2005-03-16,145.14999389648438,13117
2005-03-17,145.14999389648438,0
2005-03-18,141.6999969482422,16115
2005-03-21,138.0,20809
2005-03-22,135.39999389648438,20435
2005-03-23,135.3000030517578,13099
2005-03-24,135.1999969482422,21331
2005-03-28,136.1999969482422,12151
2005-03-29,137.4499969482422,25332
2005-03-30,136.75,10727
2005-03-31,136.64999389648438,9413
2005-04-01,140.39999389648438,13581
2005-04-04,142.89999389648438,30534
2005-04-05,140.5,11925
2005-04-06,140.75,8205
2005-04-07,143.35000610351562,39295
2005-04-08,142.75,11251
2005-04-11,142.75,0
2005-04-12,143.0500030517578,18127
2005-04-13,144.14999389648438,18637
2005-04-15,141.0,24550
2005-04-18,141.9499969482422,20675
2005-04-19,139.14999389648438,13303
2005-04-20,138.0,8360
2005-04-21,140.0,5718
2005-04-22,138.8000030517578,11672
2005-04-25,138.39999389648438,4019
2005-04-26,138.75,10190
2005-04-27,136.8000030517578,15320
2005-04-28,137.25,2195
2005-04-29,135.3000030517578,8293
2005-05-02,135.14999389648438,8910
2005-05-03,135.89999389648438,2216
2005-05-04,137.3000030517578,5906
2005-05-05,138.35000610351562,4828
2005-05-06,137.14999389648438,5319
2005-05-09,137.1999969482422,4086
2005-05-10,138.25,7893
2005-05-11,140.85000610351562,10269
2005-05-12,143.0500030517578,15505
2005-05-13,144.9499969482422,23215
2005-05-16,145.1999969482422,12442
2005-05-17,142.0500030517578,13833
2005-05-18,142.0500030517578,0
2005-05-19,141.39999389648438,27514
2005-05-20,148.4499969482422,105580
2005-05-23,147.5,22504
2005-05-24,146.35000610351562,13161
2005-05-25,145.3000030517578,5663
2005-05-26,148.64999389648438,61536
2005-05-27,148.64999389648438,0
2005-05-30,136.3000030517578,31360
2005-05-31,137.6999969482422,22053
2005-06-01,138.60000610351562,14287
2005-06-02,139.5500030517578,31270
2005-06-03,139.5500030517578,0
2005-06-06,152.89999389648438,206784
2005-06-07,146.35000610351562,111875
2005-06-08,144.8000030517578,47241
2005-06-09,143.3000030517578,38727
2005-06-10,143.25,32457
2005-06-14,143.8000030517578,16401
2005-06-15,147.39999389648438,67363
2005-06-16,145.0500030517578,23895
2005-06-17,143.60000610351562,11266
2005-06-20,143.6999969482422,13435
2005-06-21,143.6999969482422,10362
2005-06-22,147.10000610351562,33306
2005-06-23,146.89999389648438,24963
2005-06-24,146.64999389648438,48901
2005-06-27,146.64999389648438,10130
2005-06-28,145.10000610351562,12726
2005-06-29,145.64999389648438,15899
2005-06-30,145.9499969482422,10807
2005-07-01,145.9499969482422,0
2005-07-04,145.4499969482422,16447
2005-07-05,145.39999389648438,12951
2005-07-06,146.14999389648438,13700
2005-07-07,145.10000610351562,14372
2005-07-08,145.39999389648438,7402
2005-07-11,145.6999969482422,14495
2005-07-12,145.6999969482422,0
2005-07-13,147.0,12853
2005-07-14,148.60000610351562,43300
2005-07-15,149.64999389648438,40934
2005-07-18,156.3000030517578,97378
2005-07-19,152.0500030517578,29656
2005-07-20,149.0500030517578,21647
2005-07-21,149.25,21196
2005-07-22,148.8000030517578,26521
2005-07-25,149.3000030517578,21302
2005-07-26,148.14999389648438,10558
2005-07-27,147.85000610351562,6971
2005-07-28,147.85000610351562,0
2005-07-29,50.5,4724013
2005-08-01,58.900001525878906,4393042
2005-08-02,65.19999694824219,5739866
2005-08-03,61.79999923706055,2725581
2005-08-04,62.849998474121094,893150
2005-08-05,63.45000076293945,1015127
2005-08-08,61.70000076293945,345767
2005-08-09,60.349998474121094,339348
2005-08-10,62.400001525878906,417768
2005-08-11,63.650001525878906,646003
2005-08-12,62.5,222315
2005-08-16,62.54999923706055,209529
2005-08-17,63.45000076293945,315104
2005-08-18,63.650001525878906,583399
2005-08-19,64.44999694824219,277154
2005-08-22,63.599998474121094,216522
2005-08-23,60.79999923706055,213934
2005-08-24,59.04999923706055,172786
2005-08-25,60.599998474121094,94198
2005-08-26,60.79999923706055,126141
2005-08-29,59.849998474121094,126298
2005-08-30,61.400001525878906,199664
2005-08-31,61.5,190311
2005-09-01,65.4000015258789,1362785
2005-09-02,65.1500015258789,1006417
2005-09-05,75.75,6094454
2005-09-06,74.25,4603070
2005-09-08,85.94999694824219,7363328
2005-09-09,83.9000015258789,4129872
2005-09-12,85.3499984741211,3070628
2005-09-13,85.3499984741211,1196588
2005-09-14,84.05000305175781,884784
2005-09-15,85.19999694824219,537319
2005-09-16,89.25,4342763
2005-09-19,87.44999694824219,1811570
2005-09-20,84.69999694824219,520343
2005-09-21,80.25,723363
2005-09-22,69.69999694824219,680790
2005-09-23,74.30000305175781,908108
2005-09-26,77.0,621544
2005-09-27,75.30000305175781,1078551
2005-09-28,74.6500015258789,247396
2005-09-29,73.44999694824219,218396
2005-09-30,70.69999694824219,309703
2005-10-03,73.8499984741211,315850
2005-10-04,73.80000305175781,285279
2005-10-05,72.0999984741211,129818
2005-10-06,71.25,137753
2005-10-07,70.05000305175781,189066
2005-10-10,69.44999694824219,145286
2005-10-11,66.44999694824219,187340
2005-10-13,65.0999984741211,169142
2005-10-14,62.349998474121094,167384
2005-10-17,60.099998474121094,265351
2005-10-18,60.349998474121094,285167
2005-10-19,57.5,243685
2005-10-20,54.849998474121094,131904
2005-10-21,55.29999923706055,168498
2005-10-24,56.0,129447
2005-10-25,56.5,53855
2005-10-26,55.95000076293945,104427
2005-10-27,55.5,59970
2005-10-28,56.0,312911
2005-10-31,58.650001525878906,177390
2005-11-02,60.95000076293945,103322
2005-11-04,60.95000076293945,0
2005-11-07,61.5,110128
2005-11-08,63.79999923706055,215154
2005-11-09,61.0,395872
2005-11-10,60.150001525878906,254047
2005-11-11,59.650001525878906,119203
2005-11-14,59.0,136604
2005-11-16,58.75,63315
2005-11-17,60.20000076293945,136734
2005-11-18,59.79999923706055,80561
2005-11-21,60.45000076293945,232356
2005-11-22,59.45000076293945,94028
2005-11-23,60.0,53460
2005-11-24,59.29999923706055,35145
2005-11-25,60.099998474121094,90379
2005-11-28,61.849998474121094,315331
2005-11-29,60.150001525878906,86639
2005-11-30,59.099998474121094,169732
2005-12-01,59.650001525878906,47437
2005-12-02,59.150001525878906,40320
2005-12-05,58.599998474121094,44326
2005-12-06,58.400001525878906,47574
2005-12-07,58.599998474121094,95658
2005-12-08,58.5,45769
2005-12-09,61.70000076293945,433090
2005-12-12,60.70000076293945,115875
2005-12-13,65.0999984741211,1326256
2005-12-14,67.75,946957
2005-12-15,66.30000305175781,432755
2005-12-16,66.5,187634
2005-12-19,67.05000305175781,206276
2005-12-20,65.6500015258789,86750
2005-12-21,65.8499984741211,92657
2005-12-22,65.8499984741211,71973
2005-12-23,64.75,80561
2005-12-26,62.400001525878906,112934
2005-12-27,64.6500015258789,134125
2005-12-28,63.95000076293945,83782
2005-12-29,71.0,1275821
2005-12-30,71.8499984741211,699634
2006-01-02,79.25,2859499
2006-01-03,80.0999984741211,1986989
2006-01-04,76.30000305175781,729273
2006-01-05,74.55000305175781,528939
2006-01-06,75.8499984741211,544298
2006-01-09,74.94999694824219,149026
2006-01-10,73.5,175820
2006-01-12,76.44999694824219,600000
2006-01-13,75.0999984741211,456200
2006-01-16,74.05000305175781,201808
2006-01-17,71.75,211385
2006-01-18,70.30000305175781,210964
2006-01-19,73.30000305175781,236872
2006-01-20,72.0,225258
2006-01-23,71.1500015258789,195986
2006-01-24,71.5,209332
2006-01-25,73.69999694824219,500447
2006-01-27,76.05000305175781,515849
2006-01-30,76.0999984741211,200545
2006-01-31,81.55000305175781,1361880
2006-02-01,75.5999984741211,994783
2006-02-02,78.5999984741211,705213
2006-02-03,85.0,3315040
2006-02-06,93.5,7101195
2006-02-07,89.69999694824219,3444577
2006-02-08,103.75,8783389
2006-02-10,108.0,7029643
2006-02-13,129.60000610351562,10941103
2006-02-14,134.3000030517578,7931446
2006-02-15,145.75,9287363
2006-02-16,152.1999969482422,11181048
2006-02-17,137.35000610351562,7738331
2006-02-20,142.9499969482422,9341127
2006-02-21,142.0500030517578,5392609
2006-02-22,134.0500030517578,3691421
2006-02-23,133.75,5254775
2006-02-24,129.85000610351562,2633902
2006-02-27,127.75,2661696
2006-02-28,134.14999389648438,3790852
2006-03-01,140.89999389648438,1311433
2006-03-02,141.75,4307916
2006-03-03,147.4499969482422,2679478
2006-03-06,140.3000030517578,1267118
2006-03-07,138.6999969482422,1221700
2006-03-08,133.0500030517578,987407
2006-03-09,134.0500030517578,841839
2006-03-10,140.75,1054073
2006-03-13,137.25,803203
2006-03-14,136.89999389648438,955734
2006-03-16,135.14999389648438,512872
2006-03-17,133.14999389648438,908267
2006-03-20,132.6999969482422,483877
2006-03-21,126.55000305175781,353619
2006-03-22,127.9000015258789,671247
2006-03-23,132.1999969482422,589353
2006-03-24,136.10000610351562,1425777
2006-03-27,137.85000610351562,612968
2006-03-28,140.89999389648438,1189576
2006-03-29,140.4499969482422,772133
2006-03-30,141.8000030517578,601120
2006-03-31,138.75,583438
2006-04-03,143.0500030517578,610775
2006-04-04,140.4499969482422,415479
2006-04-05,143.1999969482422,1224509
2006-04-07,137.5,502476
2006-04-10,137.0,215347
2006-04-12,130.89999389648438,300992
2006-04-13,125.25,231828
2006-04-17,127.55000305175781,222915
2006-04-18,128.8000030517578,239477
2006-04-19,135.25,543138
2006-04-20,139.75,616343
2006-04-21,133.8000030517578,265352
2006-04-24,132.25,157438
2006-04-25,130.60000610351562,192592
2006-04-26,130.5,174546
2006-04-27,127.05000305175781,146346
2006-04-28,124.94999694824219,136578
2006-05-02,129.0,278725
2006-05-03,126.4000015258789,118194
2006-05-04,119.69999694824219,313118
2006-05-05,120.44999694824219,196430
2006-05-08,121.5,120895
2006-05-09,133.64999389648438,955030
2006-05-10,142.25,2229291
2006-05-11,132.64999389648438,493637
2006-05-12,133.64999389648438,699233
2006-05-15,124.4000015258789,360582
2006-05-16,124.5,376605
2006-05-17,132.35000610351562,296328
2006-05-18,119.3499984741211,196008
2006-05-19,110.1500015258789,228707
2006-05-22,112.0,306655
2006-05-23,115.0999984741211,180496
2006-05-24,113.94999694824219,124211
2006-05-25,111.75,107334
2006-05-26,119.6500015258789,233311
2006-05-29,117.1500015258789,240392
2006-05-30,118.6500015258789,420366
2006-05-31,112.1500015258789,149817
2006-06-01,107.8499984741211,142205
2006-06-02,104.30000305175781,202517
2006-06-05,103.5,129860
2006-06-06,100.55000305175781,144409
2006-06-07,98.05000305175781,210243
2006-06-08,88.25,117303
2006-06-09,90.30000305175781,186927
2006-06-12,87.19999694824219,74914
2006-06-13,79.3499984741211,73485
2006-06-14,75.4000015258789,52852
2006-06-15,79.19999694824219,48081
2006-06-16,83.19999694824219,23597
2006-06-19,87.0999984741211,73894
2006-06-20,89.69999694824219,49896
2006-06-21,94.19999694824219,37462
2006-06-22,98.9000015258789,52850
2006-06-23,103.05000305175781,142038
2006-06-26,99.75,65507
2006-06-27,96.25,45145
2006-06-28,93.3499984741211,29407
2006-06-29,97.1500015258789,46267
2006-06-30,102.05000305175781,33261
2006-07-03,107.1500015258789,16698
2006-07-04,105.69999694824219,199582
2006-07-05,107.19999694824219,85145
2006-07-06,102.69999694824219,47733
2006-07-07,98.3499984741211,64702
2006-07-10,103.25,87099
2006-07-11,103.19999694824219,73193
2006-07-12,103.19999694824219,65232
2006-07-13,104.5,68336
2006-07-14,104.5,64662
2006-07-17,99.94999694824219,52212
2006-07-18,98.8499984741211,41794
2006-07-19,94.94999694824219,87592
2006-07-20,94.55000305175781,96648
2006-07-21,93.05000305175781,44425
2006-07-24,93.0999984741211,90340
2006-07-25,94.8499984741211,68995
2006-07-26,97.19999694824219,71866
2006-07-27,99.25,421063
2006-07-28,99.8499984741211,187609
2006-07-31,99.1500015258789,98318
2006-08-01,97.94999694824219,44150
2006-08-02,98.25,48532
2006-08-03,99.3499984741211,143574
2006-08-04,96.05000305175781,59032
2006-08-07,96.19999694824219,59275
2006-08-08,95.55000305175781,51270
2006-08-09,98.5,104064
2006-08-10,108.3499984741211,945828
2006-08-11,115.25,2186902
2006-08-14,110.9000015258789,453396
2006-08-16,109.9000015258789,387064
2006-08-17,105.0999984741211,110047
2006-08-18,113.30000305175781,605732
2006-08-21,108.0999984741211,242924
2006-08-22,106.94999694824219,152676
2006-08-23,107.0,140085
2006-08-24,108.9000015258789,210140
2006-08-25,117.5,1083886
2006-08-28,121.8499984741211,1760615
2006-08-29,118.3499984741211,948557
2006-08-30,117.69999694824219,629614
2006-08-31,120.19999694824219,684519
2006-09-01,128.14999389648438,2776534
2006-09-04,131.85000610351562,1988354
2006-09-05,127.0,706400
2006-09-06,132.5,1114613
2006-09-07,129.0500030517578,374586
2006-09-08,130.10000610351562,476191
2006-09-11,123.1500015258789,347371
2006-09-12,121.5,408078
2006-09-13,123.3499984741211,259704
2006-09-14,124.19999694824219,452598
2006-09-15,125.05000305175781,491665
2006-09-18,127.8499984741211,405968
2006-09-19,127.44999694824219,931477
2006-09-20,128.5500030517578,267608
2006-09-21,128.5,312820
2006-09-22,128.35000610351562,484347
2006-09-25,126.0,612693
2006-09-26,125.55000305175781,141384
2006-09-27,120.19999694824219,802295
2006-09-28,121.19999694824219,187156
2006-09-29,125.5999984741211,401984
2006-10-03,122.94999694824219,118652
2006-10-04,120.8499984741211,147349
2006-10-05,120.0,216766
2006-10-06,120.4000015258789,175811
2006-10-09,120.0999984741211,154161
2006-10-10,121.3499984741211,204858
2006-10-11,119.9000015258789,372720
2006-10-12,122.0,391017
2006-10-13,120.19999694824219,335435
2006-10-16,121.0,298656
2006-10-17,120.05000305175781,196902
2006-10-18,122.0,295487
2006-10-19,121.19999694824219,343543
2006-10-20,123.3499984741211,399987
2006-10-23,123.9000015258789,312099
2006-10-26,124.19999694824219,233950
2006-10-27,126.3499984741211,1545051
2006-10-30,124.4000015258789,365411
2006-10-31,123.0999984741211,232032
2006-11-01,122.19999694824219,523085
2006-11-02,121.9000015258789,485600
2006-11-03,121.94999694824219,417402
2006-11-06,120.75,364317
2006-11-07,119.94999694824219,815268
2006-11-08,117.6500015258789,665284
2006-11-09,117.5,230793
2006-11-10,116.4000015258789,222437
2006-11-13,114.6500015258789,146401
2006-11-14,112.44999694824219,291064
2006-11-15,108.94999694824219,189738
2006-11-16,106.9000015258789,380135
2006-11-17,100.94999694824219,472208
2006-11-20,106.55000305175781,833142
2006-11-21,106.4000015258789,438776
2006-11-22,107.6500015258789,379710
2006-11-23,108.55000305175781,297920
2006-11-24,105.44999694824219,116166
2006-11-27,107.0,283920
2006-11-28,107.3499984741211,320586
2006-11-29,108.0999984741211,216722
2006-11-30,107.30000305175781,154343
2006-12-01,109.6500015258789,720754
2006-12-04,108.5999984741211,241969
2006-12-05,105.19999694824219,357030
2006-12-06,102.1500015258789,144836
2006-12-07,101.8499984741211,107219
2006-12-08,99.94999694824219,135061
2006-12-11,94.9000015258789,233177
2006-12-12,89.3499984741211,203932
2006-12-13,88.94999694824219,141821
2006-12-14,89.0,194930
2006-12-15,89.05000305175781,190779
2006-12-18,92.8499984741211,563415
2006-12-19,92.0,249481
2006-12-20,91.44999694824219,128206
2006-12-21,91.80000305175781,198545
2006-12-22,90.75,119636
2006-12-26,92.19999694824219,51159
2006-12-27,93.0999984741211,94177
2006-12-28,100.5,1798161
2006-12-29,98.0999984741211,840610
2007-01-02,96.80000305175781,154718
2007-01-03,98.55000305175781,274448
2007-01-04,96.6500015258789,99869
2007-01-05,95.75,187358
2007-01-08,95.25,152663
2007-01-09,93.25,143808
2007-01-10,92.3499984741211,100550
2007-01-11,94.0999984741211,150687
2007-01-12,96.44999694824219,497590
2007-01-15,94.55000305175781,149005
2007-01-16,93.25,120711
2007-01-17,93.3499984741211,239040
2007-01-18,92.44999694824219,131073
2007-01-19,92.19999694824219,61623
2007-01-22,95.5,337876
2007-01-23,96.94999694824219,348779
2007-01-24,96.4000015258789,789367
2007-01-25,95.5,335001
2007-01-29,93.0999984741211,132289
2007-01-31,90.75,172891
2007-02-01,90.9000015258789,111356
2007-02-02,88.69999694824219,228797
2007-02-05,87.75,159485
2007-02-06,86.0,156398
2007-02-07,84.94999694824219,116501
2007-02-08,81.80000305175781,149752
2007-02-09,79.55000305175781,135400
2007-02-12,74.0,233027
2007-02-13,73.3499984741211,134276
2007-02-14,69.94999694824219,285879
2007-02-15,71.6500015258789,403818
2007-02-19,70.69999694824219,213633
2007-02-20,69.0,134429
2007-02-21,69.30000305175781,125567
2007-02-22,68.75,87895
2007-02-23,68.0,224262
2007-02-26,64.75,211234
2007-02-27,65.3499984741211,200983
2007-02-28,65.44999694824219,399615
2007-03-01,64.80000305175781,104117
2007-03-02,64.05000305175781,139359
2007-03-05,59.54999923706055,197111
2007-03-06,58.95000076293945,179186
2007-03-07,56.599998474121094,156483
2007-03-08,58.20000076293945,150869
2007-03-09,57.0,126047
2007-03-12,55.349998474121094,304759
2007-03-13,54.75,403320
2007-03-14,53.20000076293945,363554
2007-03-15,56.45000076293945,270845
2007-03-16,61.599998474121094,676556
2007-03-19,67.80000305175781,604211
2007-03-20,71.19999694824219,49393
2007-03-21,67.75,630443
2007-03-22,64.4000015258789,518903
2007-03-23,61.20000076293945,405489
2007-03-26,58.150001525878906,606593
2007-03-28,55.29999923706055,1026271
2007-03-29,58.099998474121094,339358
2007-03-30,60.79999923706055,1046930
2007-04-02,57.79999923706055,246001
2007-04-03,58.400001525878906,324959
2007-04-04,58.95000076293945,182519
2007-04-05,60.04999923706055,132517
2007-04-09,63.04999923706055,208166
2007-04-10,66.3499984741211,682056
2007-04-11,69.0,497806
2007-04-12,66.30000305175781,193587
2007-04-13,68.0,200495
2007-04-16,72.75,628089
2007-04-17,71.0,440241
2007-04-18,73.05000305175781,304680
2007-04-19,72.1500015258789,263731
2007-04-20,72.3499984741211,327348
2007-04-23,71.0,86684
2007-04-24,72.0999984741211,128176
2007-04-25,73.9000015258789,703465
2007-04-26,73.5,299623
2007-04-27,70.0,130972
2007-04-30,70.5,177444
2007-05-03,72.19999694824219,128762
2007-05-04,74.05000305175781,320695
2007-05-07,73.3499984741211,125820
2007-05-08,71.30000305175781,63140
2007-05-09,70.80000305175781,62007
2007-05-10,69.1500015258789,104651
2007-05-11,66.94999694824219,310228
2007-05-14,64.1500015258789,440248
2007-05-15,64.75,254047
2007-05-16,64.9000015258789,218824
2007-05-17,63.0,277082
2007-05-18,65.44999694824219,862756
2007-05-21,63.79999923706055,355469
2007-05-22,63.900001525878906,168004
2007-05-23,60.79999923706055,501556
2007-05-24,60.5,263112
2007-05-25,63.04999923706055,476043
2007-05-28,64.3499984741211,548080
2007-05-29,64.0,173086
2007-05-30,64.4000015258789,368106
2007-05-31,64.1500015258789,111855
2007-06-01,65.25,417475
2007-06-04,64.75,1219831
2007-06-05,63.849998474121094,208255
2007-06-06,64.4000015258789,234582
2007-06-07,61.95000076293945,252381
2007-06-08,60.70000076293945,251181
2007-06-11,59.95000076293945,224179
2007-06-12,57.650001525878906,352786
2007-06-13,58.150001525878906,336575
2007-06-14,57.900001525878906,298603
2007-06-15,58.400001525878906,246430
2007-06-18,58.45000076293945,115843
2007-06-19,58.849998474121094,87506
2007-06-20,59.400001525878906,694213
2007-06-21,59.45000076293945,240881
2007-06-22,60.5,621947
2007-06-25,59.70000076293945,191275
2007-06-26,59.650001525878906,127322
2007-06-27,59.349998474121094,69258
2007-06-28,60.599998474121094,220484
2007-06-29,61.54999923706055,324903
2007-07-02,61.95000076293945,133150
2007-07-03,61.849998474121094,157256
2007-07-04,61.400001525878906,150349
2007-07-05,60.75,62947
2007-07-06,61.25,966571
2007-07-09,61.70000076293945,117319
2007-07-10,61.25,116288
2007-07-11,60.650001525878906,109203
2007-07-12,60.95000076293945,386793
2007-07-13,60.849998474121094,348439
2007-07-16,60.54999923706055,129284
2007-07-17,61.45000076293945,149657
2007-07-18,61.0,138193
2007-07-19,60.849998474121094,567174
2007-07-20,60.54999923706055,139957
2007-07-23,62.0,148463
2007-07-24,61.400001525878906,186600
2007-07-25,60.599998474121094,76694
2007-07-26,61.0,91721
2007-07-27,60.0,167654
2007-07-30,59.45000076293945,115131
2007-07-31,60.25,218904
2007-08-01,57.29999923706055,330073
2007-08-02,55.75,490853
2007-08-03,56.04999923706055,88426
2007-08-06,54.849998474121094,253903
2007-08-07,55.79999923706055,105354
2007-08-08,56.04999923706055,125999
2007-08-09,57.95000076293945,306431
2007-08-10,57.04999923706055,108897
2007-08-13,57.04999923706055,61634
2007-08-14,57.099998474121094,157355
2007-08-16,54.599998474121094,208909
2007-08-17,53.599998474121094,108349
2007-08-20,56.45000076293945,205267
2007-08-21,53.900001525878906,68141
2007-08-22,53.25,56936
2007-08-23,53.25,118872
2007-08-24,53.20000076293945,76707
2007-08-27,53.150001525878906,87716
2007-08-28,53.150001525878906,111750
2007-08-29,53.20000076293945,66626
2007-08-30,53.900001525878906,144744
2007-08-31,54.04999923706055,96198
2007-09-03,55.599998474121094,549353
2007-09-04,55.54999923706055,521567
2007-09-05,55.70000076293945,386411
2007-09-06,60.04999923706055,866609
2007-09-07,65.05000305175781,3208524
2007-09-10,63.70000076293945,833150
2007-09-11,62.25,348654
2007-09-12,61.599998474121094,228829
2007-09-13,61.54999923706055,180539
2007-09-14,61.400001525878906,510394
2007-09-17,61.20000076293945,423979
2007-09-18,60.5,175961
2007-09-19,62.099998474121094,732944
2007-09-20,60.650001525878906,491535
2007-09-21,60.150001525878906,276729
2007-09-24,59.099998474121094,281505
2007-09-25,57.5,345620
2007-09-26,57.650001525878906,378696
2007-09-27,57.25,242090
2007-09-28,57.29999923706055,203321
2007-10-01,57.54999923706055,631888
2007-10-03,56.75,341054
2007-10-04,58.400001525878906,394493
2007-10-05,57.79999923706055,253397
2007-10-08,55.20000076293945,252356
2007-10-09,56.25,149986
2007-10-10,59.29999923706055,845286
2007-10-11,57.95000076293945,192624
2007-10-12,57.75,321456
2007-10-15,57.150001525878906,151762
2007-10-16,56.29999923706055,245596
2007-10-17,55.54999923706055,231694
2007-10-18,55.0,227255
2007-10-19,53.70000076293945,180959
2007-10-22,51.45000076293945,351408
2007-10-23,53.349998474121094,165893
2007-10-24,53.0,123592
2007-10-25,54.099998474121094,123356
2007-10-26,57.75,586307
2007-10-29,57.25,289394
2007-10-30,55.349998474121094,219154
2007-10-31,57.54999923706055,737231
2007-11-01,55.45000076293945,351295
2007-11-02,56.45000076293945,172727
2007-11-05,56.04999923706055,129138
2007-11-06,55.54999923706055,148404
2007-11-07,54.75,127464
2007-11-08,54.45000076293945,72438
2007-11-12,54.29999923706055,121120
2007-11-13,56.29999923706055,227142
2007-11-14,57.5,213771
2007-11-15,60.599998474121094,521554
2007-11-16,72.05000305175781,3095675
2007-11-19,70.1500015258789,2361187
2007-11-20,65.1500015258789,692132
2007-11-21,60.900001525878906,414350
2007-11-22,59.599998474121094,292441
2007-11-23,61.79999923706055,454627
2007-11-26,61.900001525878906,201106
2007-11-27,63.150001525878906,340401
2007-11-28,62.150001525878906,196174
2007-11-29,62.099998474121094,165002
2007-11-30,62.79999923706055,157588
2007-12-03,65.94999694824219,339454
2007-12-04,68.5,1066732
2007-12-05,70.30000305175781,812736
2007-12-06,68.9000015258789,776112
2007-12-07,68.0999984741211,624790
2007-12-10,71.30000305175781,635089
2007-12-11,73.9000015258789,2135547
2007-12-12,78.05000305175781,1951552
2007-12-13,82.1500015258789,3007782
2007-12-14,82.1500015258789,1798557
2007-12-17,75.0999984741211,1170463
2007-12-18,78.5999984741211,799912
2007-12-19,79.30000305175781,836115
2007-12-20,78.0,435871
2007-12-24,79.80000305175781,327647
2007-12-26,85.75,2021379
2007-12-27,86.3499984741211,1255289
2007-12-28,86.5,738085
2007-12-31,86.5999984741211,957581
2008-01-01,87.44999694824219,1528636
2008-01-02,94.6500015258789,3807814
2008-01-03,93.94999694824219,1983737
2008-01-04,89.9000015258789,646061
2008-01-07,94.0,1314293
2008-01-08,88.25,1080194
2008-01-09,85.69999694824219,429257
2008-01-10,82.3499984741211,781105
2008-01-11,83.3499984741211,477914
2008-01-14,84.25,290807
2008-01-15,81.94999694824219,224544
2008-01-16,78.94999694824219,255468
2008-01-17,82.69999694824219,329256
2008-01-18,77.5999984741211,278804
2008-01-21,64.80000305175781,370166
2008-01-22,58.29999923706055,269602
2008-01-23,70.0,459821
2008-01-24,65.44999694824219,252935
2008-01-25,67.3499984741211,198885
2008-01-28,66.5,167714
2008-01-29,70.3499984741211,214692
2008-01-30,69.55000305175781,355274
2008-01-31,67.0999984741211,86630
2008-02-01,68.69999694824219,192318
2008-02-04,69.3499984741211,134114
2008-02-05,68.94999694824219,58492
2008-02-06,67.25,93910
2008-02-07,66.69999694824219,135886
2008-02-08,65.8499984741211,139289
2008-02-11,59.5,129626
2008-02-12,58.29999923706055,171100
2008-02-13,57.75,65260
2008-02-14,61.0,85497
2008-02-15,63.95000076293945,188988
2008-02-18,66.19999694824219,96497
2008-02-19,67.30000305175781,134839
2008-02-20,66.44999694824219,122046
2008-02-21,65.6500015258789,111961
2008-02-22,66.25,95911
2008-02-25,64.8499984741211,49882
2008-02-26,77.8499984741211,1459826
2008-02-27,77.69999694824219,3841862
2008-02-28,79.9000015258789,1267443
2008-02-29,77.55000305175781,972197
2008-03-03,71.3499984741211,220999
2008-03-04,68.1500015258789,323321
2008-03-05,68.0,146431
2008-03-07,63.70000076293945,148100
2008-03-10,62.70000076293945,192600
2008-03-11,71.25,422444
2008-03-12,67.4000015258789,216455
2008-03-13,64.9000015258789,204209
2008-03-14,67.9000015258789,162057
2008-03-17,65.44999694824219,251390
2008-03-18,64.19999694824219,155771
2008-03-19,61.0,133996
2008-03-24,57.599998474121094,357039
2008-03-25,61.20000076293945,235629
2008-03-26,61.5,159830
2008-03-27,63.5,303462
2008-03-28,65.19999694824219,95122
2008-03-31,65.5999984741211,149624
2008-04-01,66.3499984741211,67971
2008-04-02,67.75,411804
2008-04-03,69.69999694824219,313220
2008-04-04,69.4000015258789,230659
2008-04-07,73.5,330099
2008-04-08,85.0999984741211,2852606
2008-04-09,87.5999984741211,2338422
2008-04-10,85.3499984741211,861212
2008-04-11,84.94999694824219,549187
2008-04-15,83.0,268549
2008-04-16,81.0,213355
2008-04-17,96.75,3241608
2008-04-21,93.1500015258789,1300081
2008-04-22,94.05000305175781,667809
2008-04-23,98.94999694824219,1798831
2008-04-24,97.1500015258789,979536
2008-04-25,94.6500015258789,306610
2008-04-28,94.3499984741211,901702
2008-04-29,101.19999694824219,1621246
2008-04-30,97.30000305175781,629704
2008-05-02,95.30000305175781,280436
2008-05-05,95.5,352316
2008-05-06,101.05000305175781,1783772
2008-05-07,96.94999694824219,551041
2008-05-08,100.94999694824219,1022721
2008-05-09,98.80000305175781,2579129
2008-05-12,97.55000305175781,660383
2008-05-13,98.25,1176731
2008-05-14,99.94999694824219,617516
2008-05-15,99.94999694824219,564988
2008-05-16,105.0999984741211,2614670
2008-05-20,102.94999694824219,596886
2008-05-21,115.4000015258789,6856025
2008-05-22,108.0,5664803
2008-05-23,103.05000305175781,1667707
2008-05-26,101.05000305175781,1858985
2008-05-27,100.94999694824219,1662856
2008-05-28,98.5,950790
2008-05-29,99.05000305175781,1050101
2008-05-30,90.80000305175781,1102760
2008-06-02,85.75,1663428
2008-06-03,86.94999694824219,1829240
2008-06-04,79.0999984741211,846596
2008-06-05,76.0999984741211,1241214
2008-06-06,76.94999694824219,648607
2008-06-09,75.0999984741211,677389
2008-06-10,73.30000305175781,455858
2008-06-11,74.94999694824219,259592
2008-06-12,75.6500015258789,318425
2008-06-13,77.5999984741211,449060
2008-06-16,83.55000305175781,1036183
2008-06-17,84.25,443148
2008-06-18,81.6500015258789,428162
2008-06-19,79.6500015258789,250055
2008-06-20,75.5,254121
2008-06-23,70.19999694824219,337130
2008-06-24,69.80000305175781,224687
2008-06-25,71.94999694824219,313442
2008-06-26,72.5,270196
2008-06-27,69.25,180680
2008-06-30,68.25,151470
2008-07-01,61.099998474121094,269078
2008-07-02,64.3499984741211,595348
2008-07-03,64.55000305175781,245196
2008-07-04,67.19999694824219,158315
2008-07-07,68.55000305175781,281593
2008-07-08,68.75,135696
2008-07-09,70.55000305175781,238774
2008-07-10,70.80000305175781,95491
2008-07-11,68.0,112240
2008-07-14,67.5999984741211,112249
2008-07-15,65.19999694824219,107696
2008-07-16,63.25,61884
2008-07-17,67.0,118738
2008-07-18,66.94999694824219,65437
2008-07-21,65.3499984741211,77117
2008-07-22,69.4000015258789,238786
2008-07-23,74.94999694824219,310169
2008-07-24,73.0999984741211,157278
2008-07-25,76.25,215414
2008-07-28,86.19999694824219,2000482
2008-07-29,80.94999694824219,811803
2008-07-30,80.69999694824219,1022071
2008-07-31,84.6500015258789,1615661
2008-08-01,88.3499984741211,1671349
2008-08-04,95.4000015258789,1571455
2008-08-05,90.80000305175781,767547
2008-08-06,91.55000305175781,688350
2008-08-07,92.1500015258789,318245
2008-08-08,94.5,1436400
2008-08-11,92.30000305175781,693264
2008-08-12,91.3499984741211,272720
2008-08-13,90.3499984741211,166091
2008-08-14,87.80000305175781,480361
2008-08-18,87.4000015258789,243366
2008-08-19,89.9000015258789,283767
2008-08-20,89.0,335468
2008-08-21,88.0999984741211,181988
2008-08-22,87.8499984741211,178180
2008-08-25,89.5999984741211,256140
2008-08-26,90.9000015258789,198697
2008-08-27,86.80000305175781,214108
2008-08-28,82.25,298626
2008-08-29,84.3499984741211,188732
2008-09-01,86.69999694824219,119218
2008-09-02,89.9000015258789,585049
2008-09-04,88.8499984741211,138376
2008-09-05,87.19999694824219,117503
2008-09-08,90.0999984741211,369411
2008-09-09,90.0999984741211,198972
2008-09-10,91.0,639326
2008-09-11,90.25,275374
2008-09-12,88.8499984741211,157443
2008-09-15,85.0999984741211,356561
2008-09-16,85.0999984741211,214577
2008-09-17,85.94999694824219,119453
2008-09-18,83.9000015258789,299121
2008-09-19,85.6500015258789,251334
2008-09-22,87.30000305175781,212038
2008-09-23,85.69999694824219,74251
2008-09-24,89.94999694824219,1074468
2008-09-25,89.05000305175781,345297
2008-09-26,84.5999984741211,236258
2008-09-29,83.1500015258789,312688
2008-09-30,82.94999694824219,232468
2008-10-01,86.75,238330
2008-10-03,82.5999984741211,374285
2008-10-06,72.4000015258789,433448
2008-10-07,68.5999984741211,317189
2008-10-08,67.19999694824219,158352
2008-10-10,61.5,199940
2008-10-13,66.9000015258789,149951
2008-10-14,67.5,126457
2008-10-15,64.6500015258789,125883
2008-10-16,62.349998474121094,254833
2008-10-17,56.70000076293945,976855
2008-10-20,54.95000076293945,193765
2008-10-21,58.099998474121094,188493
2008-10-22,55.400001525878906,83431
2008-10-23,53.70000076293945,80372
2008-10-24,46.0,215816
2008-10-27,43.150001525878906,306951
2008-10-29,43.900001525878906,152801
2008-10-31,46.400001525878906,320946
2008-11-03,49.0,281046
2008-11-04,50.349998474121094,258635
2008-11-05,49.150001525878906,204020
2008-11-06,47.20000076293945,58517
2008-11-07,48.099998474121094,69520
2008-11-10,49.349998474121094,105525
2008-11-11,47.20000076293945,72349
2008-11-12,44.150001525878906,137485
2008-11-14,40.150001525878906,245636
2008-11-17,39.099998474121094,90613
2008-11-18,37.150001525878906,76595
2008-11-19,38.04999923706055,88275
2008-11-20,37.45000076293945,56946
2008-11-21,38.29999923706055,89850
2008-11-24,38.54999923706055,34205
2008-11-25,37.75,74254
2008-11-26,37.79999923706055,49096
2008-11-27,37.79999923706055,0
2008-11-28,36.0,134444
2008-12-01,36.900001525878906,40622
2008-12-02,35.599998474121094,43336
2008-12-03,36.599998474121094,37934
2008-12-04,37.099998474121094,44914
2008-12-05,39.70000076293945,574749
2008-12-08,39.25,242338
2008-12-10,40.75,147629
2008-12-11,44.400001525878906,366159
2008-12-12,45.04999923706055,136294
2008-12-15,46.849998474121094,150945
2008-12-16,48.20000076293945,154235
2008-12-17,46.25,320675
2008-12-18,47.20000076293945,176003
2008-12-19,47.599998474121094,98726
2008-12-22,49.099998474121094,271074
2008-12-23,47.54999923706055,92755
2008-12-24,48.04999923706055,87007
2008-12-26,47.75,64114
2008-12-29,47.04999923706055,258885
2008-12-30,47.70000076293945,99549
2008-12-31,48.79999923706055,374391
2009-01-02,51.150001525878906,113248
2009-01-05,51.849998474121094,104349
2009-01-06,53.54999923706055,237000
2009-01-07,52.0,266691
2009-01-09,50.25,312756
2009-01-12,50.04999923706055,58541
2009-01-13,49.0,51816
2009-01-14,50.150001525878906,34224
2009-01-15,49.70000076293945,48253
2009-01-16,49.25,36058
2009-01-19,50.20000076293945,45703
2009-01-20,50.04999923706055,15953
2009-01-21,50.0,43319
2009-01-22,49.650001525878906,39603
2009-01-23,48.900001525878906,123369
2009-01-27,47.5,24704
2009-01-28,47.650001525878906,18810
2009-01-29,47.79999923706055,117909
2009-01-30,48.20000076293945,92501
2009-02-02,48.0,100125
2009-02-03,46.45000076293945,138207
2009-02-04,46.79999923706055,52621
2009-02-05,45.54999923706055,49917
2009-02-06,46.54999923706055,26591
2009-02-09,47.0,54284
2009-02-10,47.099998474121094,32178
2009-02-11,46.95000076293945,56881
2009-02-12,47.5,59673
2009-02-13,48.29999923706055,168003
2009-02-16,45.95000076293945,59198
2009-02-17,44.150001525878906,60927
2009-02-18,44.0,27439
2009-02-19,44.5,38528
2009-02-20,43.75,23896
2009-02-24,42.849998474121094,35815
2009-02-25,42.20000076293945,30688
2009-02-26,44.099998474121094,176114
2009-02-27,48.79999923706055,2459411
2009-03-02,47.70000076293945,280135
2009-03-03,47.599998474121094,333794
2009-03-04,49.29999923706055,393690
2009-03-05,48.95000076293945,346465
2009-03-06,47.29999923706055,52505
2009-03-09,46.5,88082
2009-03-12,45.29999923706055,147042
2009-03-13,48.04999923706055,296588
2009-03-16,47.400001525878906,114233
2009-03-17,46.900001525878906,126684
2009-03-18,48.849998474121094,164740
2009-03-19,49.099998474121094,64342
2009-03-20,55.099998474121094,1158610
2009-03-23,57.5,770430
2009-03-24,57.599998474121094,4215598
2009-03-25,57.0,137085
2009-03-26,57.349998474121094,317032
2009-03-27,55.25,88216
2009-03-30,56.0,191286
2009-03-31,64.5,1855543
2009-04-01,67.25,1332742
2009-04-02,65.80000305175781,383262
2009-04-06,64.69999694824219,184543
2009-04-08,66.1500015258789,286889
2009-04-09,73.9000015258789,1082146
2009-04-13,73.0999984741211,979770
2009-04-15,76.6500015258789,782718
2009-04-16,71.1500015258789,405038
2009-04-17,70.4000015258789,407897
2009-04-20,69.1500015258789,432331
2009-04-21,67.05000305175781,339858
2009-04-22,70.5999984741211,394241
2009-04-23,75.19999694824219,616276
2009-04-24,75.69999694824219,274993
2009-04-27,74.80000305175781,476825
2009-04-28,72.6500015258789,140504
2009-04-29,74.0,455271
2009-04-30,73.5999984741211,0
2009-05-04,77.75,341603
2009-05-05,79.0999984741211,602309
2009-05-06,79.0,886310
2009-05-07,81.0999984741211,325014
2009-05-08,89.80000305175781,2171259
2009-05-11,82.9000015258789,843531
2009-05-12,84.8499984741211,2480374
2009-05-13,85.69999694824219,990815
2009-05-14,87.5999984741211,1185087
2009-05-15,90.3499984741211,1547372
2009-05-18,98.8499984741211,5480
2009-05-19,95.0999984741211,893150
2009-05-20,104.55000305175781,1050561
2009-05-21,100.25,752980
2009-05-22,101.75,317964
2009-05-25,102.8499984741211,220147
2009-05-26,96.4000015258789,284469
2009-05-27,98.5999984741211,159247
2009-05-28,96.25,188926
2009-05-29,101.6500015258789,761468
2009-06-01,103.75,563724
2009-06-02,102.75,335634
2009-06-03,102.6500015258789,2060012
2009-06-04,100.1500015258789,703796
2009-06-05,101.9000015258789,1675985
2009-06-08,95.30000305175781,507613
2009-06-09,102.05000305175781,900113
2009-06-10,100.5999984741211,850646
2009-06-11,97.8499984741211,242319
2009-06-12,106.94999694824219,2284581
2009-06-15,103.0999984741211,2515685
2009-06-16,104.75,573188
2009-06-17,107.19999694824219,5164675
2009-06-18,104.94999694824219,1918667
2009-06-19,110.05000305175781,1385678
2009-06-22,106.25,832917
2009-06-23,111.05000305175781,1077375
2009-06-24,112.9000015258789,2229364
2009-06-25,112.9000015258789,551251
2009-06-26,116.0999984741211,837239
2009-06-29,119.3499984741211,1226403
2009-06-30,113.8499984741211,473020
2009-07-01,117.80000305175781,467844
2009-07-02,117.44999694824219,347476
2009-07-03,115.05000305175781,223917
2009-07-06,110.3499984741211,303137
2009-07-07,115.19999694824219,453071
2009-07-08,115.1500015258789,624392
2009-07-09,120.6500015258789,1010105
2009-07-10,118.05000305175781,622862
2009-07-13,116.4000015258789,249744
2009-07-14,123.25,435457
2009-07-15,127.9000015258789,993173
2009-07-16,129.0500030517578,785732
2009-07-17,136.5,868251
2009-07-20,132.3000030517578,436428
2009-07-21,130.9499969482422,589751
2009-07-22,129.89999389648438,270944
2009-07-23,131.3000030517578,396772
2009-07-24,131.75,463304
2009-07-27,136.35000610351562,1016562
2009-07-28,138.9499969482422,567624
2009-07-29,137.85000610351562,705183
2009-07-30,143.8000030517578,1548158
2009-07-31,137.60000610351562,769915
2009-08-03,144.35000610351562,426972
2009-08-04,144.4499969482422,291847
2009-08-05,150.35000610351562,840402
2009-08-06,149.5500030517578,775357
2009-08-07,147.85000610351562,398110
2009-08-10,146.0,366723
2009-08-11,151.35000610351562,523843
2009-08-12,162.14999389648438,1462545
2009-08-13,166.1999969482422,1392645
2009-08-14,164.25,529412
2009-08-17,164.14999389648438,547329
2009-08-18,166.35000610351562,319367
2009-08-19,156.0,908984
2009-08-20,151.60000610351562,630434
2009-08-21,174.35000610351562,5579243
2009-08-24,180.35000610351562,7305418
2009-08-25,175.0500030517578,2950665
2009-08-26,184.4499969482422,3019257
2009-08-27,184.4499969482422,2365545
2009-08-28,177.8000030517578,992036
2009-08-31,186.0,1628004
2009-09-01,194.3000030517578,1940925
2009-09-02,191.64999389648438,1433165
2009-09-03,192.5,841453
2009-09-04,194.14999389648438,744294
2009-09-07,189.6999969482422,528126
2009-09-08,181.85000610351562,562385
2009-09-09,197.5,3520853
2009-09-10,208.4499969482422,5449003
2009-09-11,206.64999389648438,2530797
2009-09-14,202.5500030517578,1067294
2009-09-15,204.89999389648438,1249056
2009-09-16,199.14999389648438,898574
2009-09-17,201.1999969482422,781400
2009-09-18,198.9499969482422,538202
2009-09-22,209.89999389648438,1387958
2009-09-23,219.39999389648438,3947576
2009-09-24,227.4499969482422,3729156
2009-09-25,229.25,2011277
2009-09-29,219.10000610351562,615339
2009-09-30,218.4499969482422,1083205
2009-10-01,217.1999969482422,441751
2009-10-05,209.0,648327
2009-10-06,212.14999389648438,622655
2009-10-07,209.5500030517578,309523
2009-10-08,216.0,617219
2009-10-09,207.14999389648438,460713
2009-10-12,196.35000610351562,898457
2009-10-13,195.14999389648438,0
2009-10-14,207.10000610351562,1982600
2009-10-15,208.39999389648438,1398128
2009-10-16,209.75,920055
2009-10-20,204.4499969482422,397796
2009-10-21,200.35000610351562,487389
2009-10-22,199.39999389648438,2011317
2009-10-23,203.4499969482422,852707
2009-10-26,203.0,396456
2009-10-27,203.75,1032219
2009-10-28,216.4499969482422,2218807
2009-10-29,210.6999969482422,1078222
2009-10-30,206.8000030517578,1673662
2009-11-03,193.64999389648438,779127
2009-11-04,200.4499969482422,913868
2009-11-05,203.60000610351562,500955
2009-11-06,214.0500030517578,1040347
2009-11-09,222.64999389648438,1274256
2009-11-10,212.14999389648438,1038939
2009-11-11,212.8000030517578,558649
2009-11-12,215.75,335230
2009-11-13,234.5,1972060
2009-11-16,241.75,1360532
2009-11-17,234.89999389648438,389418
2009-11-18,245.25,690470
2009-11-19,237.6999969482422,630363
2009-11-20,243.1999969482422,278234
2009-11-23,250.25,670779
2009-11-24,261.3500061035156,924615
2009-11-25,272.75,837061
2009-11-26,258.5,802652
2009-11-27,254.64999389648438,532698
2009-11-30,270.5,566077
2009-12-01,280.75,741207
2009-12-02,277.45001220703125,452549
2009-12-03,273.6000061035156,679356
2009-12-04,280.8500061035156,330189
2009-12-07,268.6000061035156,444213
2009-12-08,260.70001220703125,690411
2009-12-09,261.6000061035156,275355
2009-12-10,253.4499969482422,538622
2009-12-11,253.0500030517578,224601
2009-12-14,249.0,577852
2009-12-15,251.1999969482422,410538
2009-12-16,256.0,409545
2009-12-17,256.3500061035156,267969
2009-12-18,253.0500030517578,267115
2009-12-21,249.64999389648438,445859
2009-12-22,257.75,232508
2009-12-23,261.29998779296875,178108
2009-12-24,258.3500061035156,866064
2009-12-29,268.70001220703125,654949
2009-12-30,262.3999938964844,397033
2009-12-31,261.45001220703125,150798
2010-01-04,267.1000061035156,409071
2010-01-05,274.1499938964844,1095047
2010-01-06,302.20001220703125,2369804
2010-01-07,307.04998779296875,1902670
2010-01-08,286.45001220703125,1134107
2010-01-11,279.3999938964844,591039
2010-01-12,272.5,759356
2010-01-13,285.6000061035156,1552299
2010-01-14,299.3999938964844,1786733
2010-01-15,289.1000061035156,570284
2010-01-18,280.8500061035156,629914
2010-01-19,279.79998779296875,382037
2010-01-20,280.95001220703125,310916
2010-01-21,274.8500061035156,427319
2010-01-22,256.1499938964844,1917656
2010-01-25,235.0500030517578,1628292
2010-01-27,227.14999389648438,2335131
2010-01-28,226.14999389648438,837246
2010-01-29,229.5,702112
2010-02-01,234.0500030517578,411801
2010-02-02,223.35000610351562,697774
2010-02-03,224.1999969482422,444906
2010-02-04,232.0,864421
2010-02-05,219.39999389648438,459047
2010-02-08,232.0,791170
2010-02-09,231.3000030517578,292549
2010-02-10,236.39999389648438,528232
2010-02-11,235.9499969482422,370809
2010-02-15,232.5,453732
2010-02-16,228.9499969482422,310708
2010-02-17,240.14999389648438,1307048
2010-02-18,233.6999969482422,646650
2010-02-19,230.8000030517578,554259
2010-02-22,222.1999969482422,528808
2010-02-23,219.0500030517578,561607
2010-02-24,219.25,457462
2010-02-25,221.39999389648438,488738
2010-02-26,218.35000610351562,347040
2010-03-02,220.5500030517578,561147
2010-03-03,224.3000030517578,985114
2010-03-04,230.1999969482422,1498226
2010-03-05,235.4499969482422,1319248
2010-03-08,242.0,733603
2010-03-09,238.4499969482422,331300
2010-03-10,244.9499969482422,805784
2010-03-11,250.25,2574736
2010-03-12,248.0500030517578,500080
2010-03-15,255.39999389648438,1270061
2010-03-16,264.25,1889698
2010-03-17,268.45001220703125,998424
2010-03-18,260.1499938964844,461179
2010-03-19,258.5,313196
2010-03-22,257.8999938964844,478947
2010-03-23,262.0,466772
2010-03-25,283.1000061035156,6557383
2010-03-26,269.45001220703125,1874187
2010-03-29,268.95001220703125,880240
2010-03-30,278.54998779296875,1125443
2010-03-31,270.54998779296875,1212953
2010-04-01,259.6000061035156,1540270
2010-04-05,264.04998779296875,1067182
2010-04-06,259.29998779296875,568150
2010-04-07,258.79998779296875,457893
2010-04-08,257.3999938964844,446894
2010-04-09,257.6000061035156,760880
2010-04-12,254.0,1255743
2010-04-13,251.0500030517578,525765
2010-04-15,252.0500030517578,383527
2010-04-16,247.14999389648438,441150
2010-04-19,243.64999389648438,402652
2010-04-20,244.64999389648438,161161
2010-04-21,249.1999969482422,1118870
2010-04-22,246.25,838622
2010-04-23,241.75,439481
2010-04-26,234.35000610351562,844907
2010-04-27,224.10000610351562,1374203
2010-04-28,217.25,1342097
2010-04-29,222.25,1651674
2010-04-30,228.60000610351562,2636307
2010-05-03,222.0,814547
2010-05-04,215.5,489484
2010-05-05,211.1999969482422,621135
2010-05-06,217.5500030517578,811571
2010-05-07,206.60000610351562,1199156
2010-05-10,215.14999389648438,737838
2010-05-11,220.4499969482422,1178802
2010-05-12,219.25,1292212
2010-05-13,216.39999389648438,566618
2010-05-14,208.60000610351562,796377
2010-05-17,216.60000610351562,1343071
2010-05-18,210.8000030517578,501725
2010-05-19,201.85000610351562,795338
2010-05-20,201.10000610351562,575817
2010-05-21,195.60000610351562,614811
2010-05-24,196.60000610351562,633489
2010-05-25,186.5500030517578,1169807
2010-05-26,184.5500030517578,473535
2010-05-27,181.10000610351562,802222
2010-05-28,193.5,897878
2010-05-31,195.5500030517578,533560
2010-06-01,191.25,391898
2010-06-02,188.4499969482422,397481
2010-06-03,188.39999389648438,465172
2010-06-04,182.8000030517578,817297
2010-06-07,171.5500030517578,772502
2010-06-08,167.5,1317510
2010-06-09,167.0500030517578,1408047
2010-06-10,171.1999969482422,948297
2010-06-11,178.39999389648438,1349446
2010-06-14,182.0500030517578,1008792
2010-06-15,184.4499969482422,679391
2010-06-16,182.9499969482422,490739
2010-06-17,186.60000610351562,680058
2010-06-18,184.5,411920
2010-06-21,189.8000030517578,902010
2010-06-22,194.75,1292783
2010-06-23,200.64999389648438,1690613
2010-06-24,199.3000030517578,1783837
2010-06-25,197.25,680855
2010-06-28,203.89999389648438,1453950
2010-06-29,202.75,584017
2010-06-30,201.0500030517578,339427
2010-07-01,211.14999389648438,1223487
2010-07-02,207.10000610351562,671753
2010-07-05,208.85000610351562,518010
2010-07-06,208.64999389648438,274209
2010-07-07,211.1999969482422,838076
2010-07-08,217.6999969482422,1271905
2010-07-09,219.9499969482422,1035396
2010-07-12,218.14999389648438,329717
2010-07-13,215.14999389648438,363133
2010-07-14,213.5,319788
2010-07-15,222.9499969482422,1621218
2010-07-16,233.14999389648438,2027535
2010-07-19,229.1999969482422,1299292
2010-07-20,227.5500030517578,582613
2010-07-21,229.75,475812
2010-07-22,224.75,378393
2010-07-23,219.89999389648438,685124
2010-07-26,216.14999389648438,544372
2010-07-27,221.10000610351562,505773
2010-07-28,224.60000610351562,443239
2010-07-29,226.9499969482422,777067
2010-07-30,222.10000610351562,554907
2010-08-02,231.75,777133
2010-08-03,236.25,833700
2010-08-04,239.6999969482422,779217
2010-08-05,251.9499969482422,1352628
2010-08-06,249.25,1002900
2010-08-09,247.5500030517578,541439
2010-08-10,249.89999389648438,594221
2010-08-11,247.60000610351562,695139
2010-08-12,248.89999389648438,484455
2010-08-13,255.64999389648438,957520
2010-08-16,263.8500061035156,941911
2010-08-17,258.70001220703125,350168
2010-08-18,263.45001220703125,450254
2010-08-19,262.25,249694
2010-08-20,256.3500061035156,263686
2010-08-23,255.8000030517578,252860
2010-08-24,252.25,189694
2010-08-25,243.85000610351562,276859
2010-08-26,243.60000610351562,571308
2010-08-27,233.89999389648438,295773
2010-08-30,231.10000610351562,375382
2010-08-31,234.14999389648438,675191
2010-09-01,238.4499969482422,316463
2010-09-02,246.25,369875
2010-09-03,246.89999389648438,329221
2010-09-06,246.89999389648438,316846
2010-09-07,253.0500030517578,408571
2010-09-08,250.60000610351562,444550
2010-09-09,259.45001220703125,885189
2010-09-13,259.8999938964844,555255
2010-09-14,253.8000030517578,490359
2010-09-15,247.5,599920
2010-09-16,240.85000610351562,357806
2010-09-17,245.3000030517578,714670
2010-09-20,243.25,440845
2010-09-21,241.35000610351562,322590
2010-09-22,235.0500030517578,730793
2010-09-23,232.5500030517578,604085
2010-09-24,234.25,990169
2010-09-27,233.10000610351562,471625
2010-09-28,232.1999969482422,593882
2010-09-29,230.25,881394
2010-09-30,233.0500030517578,1696016
2010-10-01,243.5,1001110
2010-10-04,244.6999969482422,767774
2010-10-05,245.14999389648438,461784
2010-10-06,244.39999389648438,342950
2010-10-07,246.64999389648438,1057377
2010-10-08,244.64999389648438,357437
2010-10-11,247.39999389648438,559178
2010-10-12,243.14999389648438,817027
2010-10-13,243.9499969482422,606769
2010-10-14,238.9499969482422,399082
2010-10-15,235.64999389648438,272173
2010-10-18,232.5,296709
2010-10-19,234.75,246823
2010-10-20,233.9499969482422,147565
2010-10-21,238.64999389648438,201749
2010-10-22,235.85000610351562,81182
2010-10-25,236.5500030517578,91058
2010-10-26,235.3000030517578,143553
2010-10-27,232.60000610351562,172061
2010-10-28,225.75,576182
2010-10-29,230.0500030517578,293947
2010-11-01,231.6999969482422,455260
2010-11-02,226.10000610351562,419672
2010-11-03,231.14999389648438,1034874
2010-11-04,229.14999389648438,503348
2010-11-08,236.75,890931
2010-11-09,237.9499969482422,575223
2010-11-10,241.60000610351562,756036
2010-11-11,237.85000610351562,503477
2010-11-12,235.0,398864
2010-11-15,229.9499969482422,210500
2010-11-16,218.0,580859
2010-11-18,226.8000030517578,336237
2010-11-19,220.0500030517578,360801
2010-11-22,226.14999389648438,397396
2010-11-23,225.35000610351562,252322
2010-11-24,218.1999969482422,933839
2010-11-25,229.9499969482422,7888335
2010-11-26,213.75,1023227
2010-11-29,217.1999969482422,1131665
2010-11-30,214.14999389648438,662024
2010-12-01,217.3000030517578,933196
2010-12-02,220.3000030517578,650880
2010-12-03,216.10000610351562,417236
2010-12-06,215.64999389648438,458131
2010-12-07,210.60000610351562,483738
2010-12-08,199.89999389648438,1128726
2010-12-09,195.5500030517578,543482
2010-12-10,201.39999389648438,318726
2010-12-13,203.5,232828
2010-12-14,205.0500030517578,243489
2010-12-15,203.35000610351562,382536
2010-12-16,198.89999389648438,598379
2010-12-20,198.89999389648438,196378
2010-12-21,204.9499969482422,988543
2010-12-22,207.9499969482422,742138
2010-12-23,209.10000610351562,193222
2010-12-24,212.75,454411
2010-12-27,214.89999389648438,301010
2010-12-28,216.8000030517578,294458
2010-12-29,218.89999389648438,215337
2010-12-30,217.3000030517578,521997
2010-12-31,216.0,210992
2011-01-03,217.0500030517578,1013757
2011-01-04,219.6999969482422,672689
2011-01-05,217.10000610351562,256118
2011-01-06,217.9499969482422,494306
2011-01-07,207.5,234030
2011-01-10,202.89999389648438,308811
2011-01-11,204.0,284977
2011-01-12,209.5500030517578,168306
2011-01-13,211.9499969482422,316938
2011-01-14,207.89999389648438,650304
2011-01-17,213.10000610351562,620355
2011-01-18,216.9499969482422,258696
2011-01-19,213.89999389648438,195668
2011-01-20,212.64999389648438,90516
2011-01-21,218.3000030517578,342706
2011-01-24,216.8000030517578,247569
2011-01-25,214.39999389648438,92512
2011-01-27,203.75,639687
2011-01-28,204.1999969482422,218711
2011-01-31,200.85000610351562,144309
2011-02-01,203.14999389648438,375210
2011-02-02,208.0500030517578,185902
2011-02-03,211.60000610351562,99407
2011-02-04,210.85000610351562,303946
2011-02-07,217.35000610351562,458212
2011-02-08,216.14999389648438,249693
2011-02-09,207.0500030517578,231264
2011-02-10,203.14999389648438,204675
2011-02-11,208.1999969482422,116981
2011-02-14,215.3000030517578,89259
2011-02-15,219.0,279204
2011-02-16,226.0500030517578,583572
2011-02-17,229.64999389648438,327793
2011-02-18,220.64999389648438,414655
2011-02-21,219.8000030517578,108677
2011-02-22,218.64999389648438,136646
2011-02-23,220.39999389648438,200226
2011-02-24,213.35000610351562,788732
2011-02-25,207.89999389648438,203961
2011-02-28,210.35000610351562,231707
2011-03-01,216.10000610351562,107876
2011-03-03,222.5,339891
2011-03-04,222.35000610351562,343452
2011-03-07,217.85000610351562,67611
2011-03-08,228.4499969482422,407472
2011-03-09,248.89999389648438,4556985
2011-03-10,251.5500030517578,1878424
2011-03-11,258.54998779296875,1976024
2011-03-14,255.1999969482422,766137
2011-03-15,251.85000610351562,951667
2011-03-16,256.45001220703125,490590
2011-03-17,252.60000610351562,219590
2011-03-18,264.6499938964844,1337848
2011-03-21,257.45001220703125,1073550
2011-03-22,258.54998779296875,373206
2011-03-23,254.75,440929
2011-03-24,252.3000030517578,558419
2011-03-25,255.10000610351562,268293
2011-03-28,253.89999389648438,239625
2011-03-29,251.75,267576
2011-03-30,246.89999389648438,419243
2011-03-31,252.60000610351562,693907
2011-04-01,261.6000061035156,860061
2011-04-04,262.1499938964844,494051
2011-04-05,260.5,544034
2011-04-06,270.04998779296875,1382996
2011-04-07,275.95001220703125,760461
2011-04-08,270.95001220703125,422730
2011-04-11,269.20001220703125,280433
2011-04-13,275.79998779296875,283679
2011-04-15,271.0,228383
2011-04-18,266.45001220703125,314563
2011-04-19,269.6000061035156,301498
2011-04-20,274.79998779296875,200461
2011-04-21,274.45001220703125,187196
2011-04-25,280.29998779296875,300969
2011-04-26,283.8999938964844,359417
2011-04-27,276.75,271419
2011-04-28,274.8500061035156,164198
2011-04-29,263.6499938964844,380264
2011-05-02,265.1499938964844,140926
2011-05-03,263.95001220703125,179642
2011-05-04,263.20001220703125,308534
2011-05-05,262.5,101992
2011-05-06,267.8500061035156,148390
2011-05-09,265.70001220703125,63136
2011-05-10,268.0,120303
2011-05-11,272.70001220703125,344357
2011-05-12,262.95001220703125,262169
2011-05-13,262.79998779296875,280494
2011-05-16,260.8500061035156,137665
2011-05-17,260.1000061035156,177378
2011-05-18,254.89999389648438,709912
2011-05-19,257.8500061035156,532198
2011-05-20,261.0,230396
2011-05-23,257.8500061035156,104074
2011-05-24,250.14999389648438,283559
2011-05-25,255.64999389648438,296048
2011-05-26,253.89999389648438,314709
2011-05-27,263.0,179876
2011-05-30,269.79998779296875,1079486
2011-05-31,269.1499938964844,138289
2011-06-01,271.3999938964844,258624
2011-06-02,263.70001220703125,293517
2011-06-03,257.25,264659
2011-06-06,261.70001220703125,988022
2011-06-07,259.54998779296875,442002
2011-06-08,258.04998779296875,150408
2011-06-09,263.5,444740
2011-06-10,262.3500061035156,327069
2011-06-13,265.79998779296875,621283
2011-06-14,273.0,642270
2011-06-15,275.04998779296875,630130
2011-06-16,267.54998779296875,142140
2011-06-17,263.20001220703125,167749
2011-06-20,260.0,241742
2011-06-21,256.8500061035156,144196
2011-06-22,251.14999389648438,73143
2011-06-23,259.04998779296875,197144
2011-06-24,260.45001220703125,154744
2011-06-27,264.54998779296875,326932
2011-06-28,267.6499938964844,96330
2011-06-29,270.25,178907
2011-06-30,269.70001220703125,185969
2011-07-01,272.04998779296875,178174
2011-07-04,277.79998779296875,370810
2011-07-05,274.8999938964844,225009
2011-07-06,283.6499938964844,353374
2011-07-07,285.0,276721
2011-07-08,278.20001220703125,194018
2011-07-11,278.0,173260
2011-07-12,277.25,343156
2011-07-13,278.70001220703125,98919
2011-07-14,285.5,396572
2011-07-15,284.79998779296875,116231
2011-07-18,285.75,65133
2011-07-19,281.8500061035156,141054
2011-07-20,281.1499938964844,94198
2011-07-21,279.8500061035156,230812
2011-07-22,280.8999938964844,83832
2011-07-25,275.3999938964844,270541
2011-07-26,273.6499938964844,154070
2011-07-27,274.54998779296875,93239
2011-07-28,271.54998779296875,508675
2011-07-29,271.75,271151
2011-08-01,267.0,376299
2011-08-02,258.1000061035156,345614
2011-08-03,262.70001220703125,536611
2011-08-04,257.6000061035156,205555
2011-08-05,249.5500030517578,793094
2011-08-08,242.39999389648438,187818
2011-08-09,232.75,324620
2011-08-10,235.5,328413
2011-08-11,232.3000030517578,185379
2011-08-12,226.5500030517578,185629
2011-08-16,218.75,448463
2011-08-17,228.14999389648438,500202
2011-08-18,228.60000610351562,327896
2011-08-19,232.0,380285
2011-08-22,237.6999969482422,229542
2011-08-23,240.35000610351562,251026
2011-08-24,236.3000030517578,203656
2011-08-25,233.5500030517578,688734
2011-08-26,237.10000610351562,302258
2011-08-29,241.35000610351562,150536
2011-08-30,241.39999389648438,74912
2011-09-02,240.0,327651
2011-09-05,242.0500030517578,249526
2011-09-06,247.0,157720
2011-09-07,252.35000610351562,142527
2011-09-08,255.85000610351562,123815
2011-09-09,256.25,228398
2011-09-12,250.85000610351562,56853
2011-09-13,251.85000610351562,45376
2011-09-14,250.39999389648438,39124
2011-09-15,250.39999389648438,51811
2011-09-16,253.3000030517578,259439
2011-09-19,252.0,113229
2011-09-20,252.0500030517578,341817
2011-09-21,255.75,262239
2011-09-22,251.9499969482422,118674
2011-09-23,248.75,733820
2011-09-26,238.35000610351562,150414
2011-09-27,242.10000610351562,113854
2011-09-28,231.75,170322
2011-09-29,227.9499969482422,555910
2011-09-30,238.10000610351562,229120
2011-10-03,228.5,160555
2011-10-04,228.5,69813
2011-10-05,220.64999389648438,155147
2011-10-07,227.35000610351562,117265
2011-10-10,236.8000030517578,314124
2011-10-11,247.6999969482422,713593
2011-10-12,258.79998779296875,635354
2011-10-13,258.0,250559
2011-10-14,251.8000030517578,142148
2011-10-17,253.8000030517578,129865
2011-10-18,251.10000610351562,226548
2011-10-19,249.14999389648438,71386
2011-10-20,251.14999389648438,198603
2011-10-21,251.3000030517578,234755
2011-10-24,250.14999389648438,139158
2011-10-25,247.5,155873
2011-10-28,260.1499938964844,259566
2011-10-31,256.8500061035156,268584
2011-11-01,254.1999969482422,236487
2011-11-02,246.14999389648438,254113
2011-11-03,239.14999389648438,389500
2011-11-04,243.39999389648438,278209
2011-11-08,247.75,194660
2011-11-09,244.64999389648438,98854
2011-11-11,248.5500030517578,298063
2011-11-14,246.60000610351562,277247
2011-11-15,234.0500030517578,371606
2011-11-16,222.3000030517578,534577
2011-11-17,223.1999969482422,221416
2011-11-18,222.8000030517578,389348
2011-11-21,215.85000610351562,304794
2011-11-22,216.0,213266
2011-11-23,212.8000030517578,197723
2011-11-24,218.89999389648438,99880
2011-11-25,215.89999389648438,198701
2011-11-28,219.9499969482422,74941
2011-11-29,221.14999389648438,322653
2011-11-30,221.60000610351562,124401
2011-12-01,227.14999389648438,148566
2011-12-02,229.85000610351562,144448
2011-12-05,227.85000610351562,64604
2011-12-07,230.0,227007
2011-12-08,222.39999389648438,120726
2011-12-09,221.3000030517578,217532
2011-12-12,204.25,542774
2011-12-13,210.75,343652
2011-12-14,201.60000610351562,379952
2011-12-15,189.5,2900269
2011-12-16,190.25,2594285
2011-12-19,185.10000610351562,392373
2011-12-20,190.8000030517578,312526
2011-12-21,201.35000610351562,397127
2011-12-22,205.64999389648438,180049
2011-12-23,199.64999389648438,128202
2011-12-26,196.9499969482422,102301
2011-12-27,187.60000610351562,273784
2011-12-28,181.89999389648438,171810
2011-12-29,187.5500030517578,1384829
2011-12-30,188.5500030517578,504378
2012-01-02,186.85000610351562,307380
2012-01-03,193.85000610351562,493093
2012-01-04,197.6999969482422,301185
2012-01-05,196.9499969482422,171007
2012-01-06,193.6999969482422,158695
2012-01-09,193.1999969482422,126372
2012-01-10,198.39999389648438,106736
2012-01-11,193.64999389648438,354082
2012-01-12,190.85000610351562,101859
2012-01-13,191.1999969482422,460196
2012-01-16,193.85000610351562,282919
2012-01-17,194.75,297828
2012-01-18,186.9499969482422,208286
2012-01-19,183.35000610351562,577049
2012-01-20,179.0,504709
2012-01-23,177.0500030517578,553242
2012-01-24,179.0500030517578,790372
2012-01-25,181.0,784508
2012-01-27,183.5,627312
2012-01-30,181.75,445112
2012-01-31,187.85000610351562,771948
2012-02-01,195.3000030517578,806082
2012-02-02,190.8000030517578,255071
2012-02-03,200.0,707743
2012-02-06,196.6999969482422,355879
2012-02-07,192.60000610351562,279067
2012-02-08,190.89999389648438,439325
2012-02-09,197.1999969482422,675304
2012-02-10,199.4499969482422,662185
2012-02-13,211.75,1154267
2012-02-14,212.75,482247
2012-02-15,215.10000610351562,491168
2012-02-16,216.64999389648438,347918
2012-02-17,211.8000030517578,319997
2012-02-21,226.39999389648438,720582
2012-02-22,212.4499969482422,796577
2012-02-23,215.5,1840778
2012-02-24,219.4499969482422,266963
2012-02-27,217.10000610351562,384497
2012-02-28,233.10000610351562,739650
2012-02-29,232.35000610351562,327007
2012-03-01,230.35000610351562,293183
2012-03-02,234.35000610351562,195948
2012-03-05,235.14999389648438,152840
2012-03-06,242.39999389648438,462883
2012-03-07,236.10000610351562,315441
2012-03-09,235.39999389648438,164803
2012-03-12,237.0500030517578,441787
2012-03-13,242.6999969482422,302201
2012-03-14,246.4499969482422,315461
2012-03-15,239.25,200574
2012-03-16,240.35000610351562,99910
2012-03-19,247.6999969482422,307251
2012-03-20,248.75,583022
2012-03-21,259.25,740725
2012-03-22,258.25,696843
2012-03-23,266.79998779296875,595054
2012-03-26,262.1499938964844,801752
2012-03-27,269.1000061035156,620321
2012-03-28,271.8999938964844,766895
2012-03-29,258.8500061035156,1558627
2012-03-30,271.3500061035156,408575
2012-04-02,280.3500061035156,617028
2012-04-03,276.0,405871
2012-04-04,274.1499938964844,223918
2012-04-09,274.5,291811
2012-04-10,274.25,108446
2012-04-11,271.6499938964844,195898
2012-04-12,274.6499938964844,212681
2012-04-13,280.75,332837
2012-04-16,276.95001220703125,184501
2012-04-17,278.79998779296875,92331
2012-04-18,276.25,140644
2012-04-19,282.1000061035156,428019
2012-04-20,276.1499938964844,258599
2012-04-23,266.8999938964844,352507
2012-04-24,270.3999938964844,600451
2012-04-25,270.1000061035156,192031
2012-04-26,268.04998779296875,663995
2012-04-27,277.45001220703125,265124
2012-04-30,280.3500061035156,251469
2012-05-02,276.25,137424
2012-05-03,271.0,101867
2012-05-04,266.8500061035156,284408
2012-05-07,271.8500061035156,166579
2012-05-08,266.79998779296875,186708
2012-05-09,272.1000061035156,235145
2012-05-10,266.6000061035156,105920
2012-05-11,265.29998779296875,225899
2012-05-14,261.54998779296875,97978
2012-05-15,265.04998779296875,161244
2012-05-16,265.1000061035156,130390
2012-05-17,275.29998779296875,303846
2012-05-18,270.1499938964844,299453
2012-05-21,270.0,69957
2012-05-22,270.3500061035156,153999
2012-05-23,273.3500061035156,276093
2012-05-24,280.0,180191
2012-05-25,275.54998779296875,318001
2012-05-28,275.20001220703125,205858
2012-05-29,280.3500061035156,515206
2012-05-30,274.95001220703125,198118
2012-05-31,279.45001220703125,688769
2012-06-01,274.6000061035156,118097
2012-06-04,275.6000061035156,202133
2012-06-05,288.1000061035156,1172758
2012-06-06,291.29998779296875,713500
2012-06-07,289.79998779296875,270670
2012-06-08,294.04998779296875,851314
2012-06-11,289.8500061035156,431045
2012-06-12,289.8500061035156,261783
2012-06-13,286.8500061035156,149277
2012-06-14,273.04998779296875,429551
2012-06-15,276.45001220703125,314199
2012-06-18,273.29998779296875,195493
2012-06-19,279.45001220703125,245310
2012-06-20,288.79998779296875,287233
2012-06-21,289.8500061035156,271904
2012-06-22,293.6000061035156,411489
2012-06-25,292.8500061035156,259618
2012-06-26,295.0,168451
2012-06-27,292.75,602658
2012-06-28,294.0,363571
2012-06-29,298.1000061035156,259004
2012-07-02,294.8500061035156,248333
2012-07-03,297.04998779296875,172842
2012-07-04,310.45001220703125,947432
2012-07-05,313.04998779296875,933947
2012-07-06,318.04998779296875,435437
2012-07-09,318.1000061035156,417814
2012-07-10,317.5,306483
2012-07-11,319.95001220703125,443816
2012-07-12,313.54998779296875,258583
2012-07-13,314.0,157338
2012-07-16,310.8999938964844,79547
2012-07-17,320.1000061035156,668445
2012-07-18,329.0,1267025
2012-07-19,331.04998779296875,630948
2012-07-20,327.6499938964844,356905
2012-07-23,329.70001220703125,393093
2012-07-24,328.5,130247
2012-07-25,340.6000061035156,465305
2012-07-26,335.70001220703125,1272211
2012-07-27,322.20001220703125,536610
2012-07-30,324.45001220703125,771459
2012-07-31,321.1499938964844,409169
2012-08-01,324.29998779296875,127084
2012-08-02,319.3500061035156,183290
2012-08-03,315.3999938964844,366919
2012-08-06,318.1499938964844,175400
2012-08-07,321.54998779296875,396622
2012-08-08,320.04998779296875,265084
2012-08-09,319.75,114637
2012-08-10,319.75,87167
2012-08-13,319.0,71020
2012-08-14,316.8500061035156,78129
2012-08-16,324.54998779296875,267852
2012-08-17,322.95001220703125,318539
2012-08-21,313.6499938964844,497101
2012-08-22,311.20001220703125,348437
2012-08-23,299.45001220703125,671681
2012-08-24,302.6000061035156,427766
2012-08-27,306.04998779296875,581106
2012-08-28,304.8999938964844,267056
2012-08-29,312.75,582648
2012-08-30,305.70001220703125,1034068
2012-08-31,316.29998779296875,414272
2012-09-03,320.5,346167
2012-09-04,322.3500061035156,82948
2012-09-05,326.3500061035156,292686
2012-09-06,329.1000061035156,200416
2012-09-07,330.54998779296875,361055
2012-09-10,335.6499938964844,267831
2012-09-11,336.04998779296875,106081
2012-09-12,332.6000061035156,176989
2012-09-13,329.0,126057
2012-09-14,324.6000061035156,85546
2012-09-17,324.45001220703125,61409
2012-09-18,330.25,276416
2012-09-20,330.29998779296875,196652
2012-09-21,335.20001220703125,377478
2012-09-24,327.79998779296875,324303
2012-09-25,324.5,117411
2012-09-26,326.45001220703125,263414
2012-09-27,322.8999938964844,145822
2012-09-28,323.20001220703125,239844
2012-10-01,328.3999938964844,172960
2012-10-03,328.8500061035156,229778
2012-10-04,329.6000061035156,111210
2012-10-05,322.1000061035156,155434
2012-10-08,321.3999938964844,113575
2012-10-09,320.3999938964844,180397
2012-10-10,319.45001220703125,121111
2012-10-11,319.29998779296875,133559
2012-10-12,318.20001220703125,235372
2012-10-15,319.45001220703125,162150
2012-10-16,318.3500061035156,336473
2012-10-17,312.04998779296875,447527
2012-10-18,311.3999938964844,193567
2012-10-19,309.04998779296875,90860
2012-10-22,307.70001220703125,288346
2012-10-23,308.3500061035156,138227
2012-10-25,305.95001220703125,697763
2012-10-29,296.5,177012
2012-10-30,296.8500061035156,936872
2012-10-31,302.6000061035156,587164
2012-11-01,307.1499938964844,243433
2012-11-02,309.8999938964844,323295
2012-11-05,308.45001220703125,209965
2012-11-06,307.29998779296875,102810
2012-11-07,312.70001220703125,183752
2012-11-08,311.45001220703125,136248
2012-11-09,306.20001220703125,431306
2012-11-12,306.75,68695
2012-11-15,317.75,630510
2012-11-16,314.6499938964844,433045
2012-11-19,323.75,372097
2012-11-20,319.04998779296875,323229
2012-11-21,321.1000061035156,211444
2012-11-22,325.6499938964844,276963
2012-11-23,332.8999938964844,338434
2012-11-26,335.70001220703125,205910
2012-11-27,350.79998779296875,915976
2012-11-29,361.0,980057
2012-11-30,351.25,668242
2012-12-03,352.3999938964844,357229
2012-12-04,357.54998779296875,258555
2012-12-05,357.5,178821
2012-12-06,357.0,222457
2012-12-07,365.79998779296875,541854
2012-12-10,367.8999938964844,441835
2012-12-11,365.45001220703125,262808
2012-12-12,361.45001220703125,147270
2012-12-13,346.8500061035156,319608
2012-12-14,348.1000061035156,444304
2012-12-17,347.25,142540
2012-12-18,351.54998779296875,289002
2012-12-19,361.3500061035156,360943
2012-12-20,359.70001220703125,272468
2012-12-21,347.6499938964844,385787
2012-12-24,354.3999938964844,276766
2012-12-26,355.75,226251
2012-12-27,349.1499938964844,436676
2012-12-28,352.6000061035156,559468
2012-12-31,349.8500061035156,206674
2013-01-01,349.8500061035156,105698
2013-01-02,357.3999938964844,521620
2013-01-03,359.8500061035156,463330
2013-01-04,358.3500061035156,446251
2013-01-07,357.79998779296875,253773
2013-01-08,352.6000061035156,326821
2013-01-09,352.3500061035156,169877
2013-01-10,354.79998779296875,273715
2013-01-11,352.20001220703125,93543
2013-01-14,349.1499938964844,218784
2013-01-15,349.79998779296875,119996
2013-01-16,344.0,151834
2013-01-17,341.8500061035156,161221
2013-01-18,340.3999938964844,83418
2013-01-21,340.54998779296875,90171
2013-01-22,344.70001220703125,257506
2013-01-23,348.29998779296875,466488
2013-01-24,341.95001220703125,410936
2013-01-25,342.70001220703125,274158
2013-01-28,348.29998779296875,295189
2013-01-29,350.45001220703125,362854
2013-01-30,358.6000061035156,527769
2013-01-31,362.0,460184
2013-02-01,356.29998779296875,183987
2013-02-04,350.6499938964844,141924
2013-02-05,352.1499938964844,273215
2013-02-06,364.8500061035156,432575
2013-02-07,361.75,268856
2013-02-08,362.6499938964844,162524
2013-02-11,360.04998779296875,51762
2013-02-12,355.0,75083
2013-02-13,347.6499938964844,80804
2013-02-14,350.6499938964844,197262
2013-02-15,357.6499938964844,329084
2013-02-18,365.0,272885
2013-02-19,375.04998779296875,332170
2013-02-20,382.54998779296875,566869
2013-02-21,377.1499938964844,287818
2013-02-22,382.95001220703125,205476
2013-02-25,371.6499938964844,339400
2013-02-26,366.8500061035156,109661
2013-02-27,374.8999938964844,302747
2013-02-28,356.3500061035156,365562
2013-03-01,368.45001220703125,118519
2013-03-04,365.20001220703125,148778
2013-03-05,370.1000061035156,266842
2013-03-06,372.3500061035156,262765
2013-03-07,366.95001220703125,175810
2013-03-08,352.8999938964844,583010
2013-03-11,355.75,89292
2013-03-12,357.1499938964844,133076
2013-03-13,355.6499938964844,89087
2013-03-14,346.6000061035156,160766
2013-03-15,339.8999938964844,256075
2013-03-18,345.6000061035156,220673
2013-03-19,343.29998779296875,114136
2013-03-20,335.6499938964844,68654
2013-03-21,329.75,182749
2013-03-22,341.29998779296875,140450
2013-03-25,345.54998779296875,220361
2013-03-26,346.95001220703125,282820
2013-03-28,350.04998779296875,1243066
2013-04-01,359.45001220703125,277874
2013-04-02,349.3999938964844,346865
2013-04-03,340.1000061035156,213813
2013-04-04,330.95001220703125,212802
2013-04-05,343.45001220703125,381656
2013-04-08,343.45001220703125,117064
2013-04-09,333.5,150032
2013-04-10,335.25,140095
2013-04-11,336.0,101330
2013-04-12,336.79998779296875,58668
2013-04-15,341.75,93506
2013-04-16,347.1499938964844,369415
2013-04-17,320.8500061035156,778839
2013-04-18,296.0,2469851
2013-04-22,305.3999938964844,751421
2013-04-23,309.79998779296875,666697
2013-04-25,312.04998779296875,584784
2013-04-26,320.1499938964844,539852
2013-04-29,319.95001220703125,197419
2013-04-30,313.1499938964844,431642
2013-05-02,316.04998779296875,607323
2013-05-03,318.20001220703125,437321
2013-05-06,318.0,153543
2013-05-07,315.0,260473
2013-05-08,307.1000061035156,442596
2013-05-09,305.8500061035156,435737
2013-05-10,312.45001220703125,341874
2013-05-13,312.75,204449
2013-05-14,313.20001220703125,251957
2013-05-15,314.45001220703125,181656
2013-05-16,317.3500061035156,133577
2013-05-17,314.1499938964844,151656
2013-05-20,322.25,328007
2013-05-21,317.8999938964844,321121
2013-05-22,314.20001220703125,193644
2013-05-23,300.29998779296875,409098
2013-05-24,296.45001220703125,127750
2013-05-27,302.5,319424
2013-05-28,299.3999938964844,401205
2013-05-29,305.29998779296875,319208
2013-05-30,298.1000061035156,330298
2013-05-31,294.6499938964844,226783
2013-06-03,298.5,244073
2013-06-04,303.6000061035156,243389
2013-06-05,308.6000061035156,123913
2013-06-06,316.25,215827
2013-06-07,321.25,391237
2013-06-10,317.8999938964844,480921
2013-06-11,305.04998779296875,278216
2013-06-12,308.1000061035156,141268
2013-06-13,308.04998779296875,183291
2013-06-14,316.0,311803
2013-06-17,314.45001220703125,183937
2013-06-18,310.5,243307
2013-06-19,313.1499938964844,231340
2013-06-20,305.6000061035156,242008
2013-06-21,305.54998779296875,336508
2013-06-24,286.5,230654
2013-06-25,276.75,731038
2013-06-26,270.3500061035156,232434
2013-06-27,271.54998779296875,1036772
2013-06-28,288.79998779296875,168579
2013-07-01,296.04998779296875,99029
2013-07-02,293.8999938964844,88430
2013-07-03,277.1499938964844,226756
2013-07-04,282.45001220703125,183603
2013-07-05,277.8500061035156,105381
2013-07-08,278.3999938964844,166071
2013-07-09,279.8999938964844,91861
2013-07-10,280.20001220703125,226281
2013-07-11,288.45001220703125,201999
2013-07-12,286.8500061035156,152829
2013-07-15,280.70001220703125,221468
2013-07-16,275.3500061035156,86375
2013-07-17,278.0,196528
2013-07-18,287.95001220703125,240021
2013-07-19,281.1499938964844,106182
2013-07-22,282.45001220703125,118127
2013-07-23,278.54998779296875,115874
2013-07-24,285.1499938964844,228632
2013-07-25,280.75,231954
2013-07-26,278.1499938964844,126839
2013-07-29,286.79998779296875,211165
2013-07-30,287.5,367198
2013-07-31,286.5,205796
2013-08-01,264.04998779296875,180349
2013-08-02,269.79998779296875,267918
2013-08-05,278.0,74974
2013-08-06,269.45001220703125,76517
2013-08-07,266.20001220703125,293489
2013-08-08,276.6499938964844,69117
2013-08-12,275.8500061035156,175572
2013-08-13,280.5,50503
2013-08-14,275.95001220703125,117393
2013-08-16,263.25,147358
2013-08-19,249.25,282823
2013-08-20,255.3000030517578,162928
2013-08-21,247.25,233261
2013-08-22,250.64999389648438,258293
2013-08-23,251.6999969482422,192592
2013-08-26,249.39999389648438,346655
2013-08-27,250.5,126055
2013-08-28,256.3500061035156,268702
2013-08-29,253.8000030517578,1227274
2013-08-30,252.39999389648438,179509
2013-09-02,267.1000061035156,198924
2013-09-03,263.6499938964844,205583
2013-09-04,267.70001220703125,238164
2013-09-05,265.45001220703125,90525
2013-09-06,263.95001220703125,114609
2013-09-10,264.54998779296875,207185
2013-09-11,264.8999938964844,108513
2013-09-12,261.6000061035156,154729
2013-09-13,262.95001220703125,145103
2013-09-16,262.8500061035156,124734
2013-09-17,261.04998779296875,134929
2013-09-18,261.6499938964844,91100
2013-09-19,262.70001220703125,384394
2013-09-20,259.0,113223
2013-09-23,256.6499938964844,67440
2013-09-24,256.6000061035156,149464
2013-09-25,256.54998779296875,77640
2013-09-26,260.20001220703125,1113136
2013-09-27,254.3000030517578,395093
2013-09-30,250.89999389648438,88501
2013-10-01,248.9499969482422,145494
2013-10-03,249.0500030517578,153316
2013-10-04,249.10000610351562,85754
2013-10-07,252.3000030517578,432908
2013-10-08,267.20001220703125,550672
2013-10-09,265.8500061035156,175649
2013-10-10,272.3500061035156,177635
2013-10-11,275.79998779296875,187997
2013-10-14,272.0,85914
2013-10-15,271.45001220703125,114617
2013-10-17,280.79998779296875,281167
2013-10-18,282.95001220703125,188284
2013-10-21,281.8500061035156,134505
2013-10-22,277.45001220703125,90889
2013-10-23,275.6499938964844,88345
2013-10-24,273.6499938964844,122695
2013-10-25,282.75,157447
2013-10-28,282.54998779296875,87796
2013-10-29,285.29998779296875,110020
2013-10-30,279.1000061035156,379124
2013-10-31,274.20001220703125,823735
2013-11-01,274.04998779296875,331975
2013-11-05,271.8500061035156,144468
2013-11-06,271.1499938964844,507778
2013-11-07,266.8500061035156,107896
2013-11-08,263.6000061035156,66724
2013-11-11,270.45001220703125,250060
2013-11-12,262.5,164864
2013-11-13,259.8500061035156,117583
2013-11-14,264.75,129219
2013-11-18,273.8999938964844,501544
2013-11-19,274.5,446221
2013-11-20,272.1000061035156,83671
2013-11-21,273.0,186133
2013-11-22,277.25,306313
2013-11-25,281.8500061035156,415770
2013-11-26,283.04998779296875,265651
2013-11-27,282.95001220703125,238867
2013-11-28,280.6499938964844,1040714
2013-11-29,282.1499938964844,119970
2013-12-02,279.29998779296875,92620
2013-12-03,299.45001220703125,1391421
2013-12-04,296.1000061035156,535664
2013-12-05,290.75,294563
2013-12-06,289.95001220703125,529971
2013-12-09,290.54998779296875,357757
2013-12-10,285.29998779296875,245838
2013-12-11,287.70001220703125,185107
2013-12-12,305.1499938964844,1371211
2013-12-13,299.0,298201
2013-12-16,300.20001220703125,433998
2013-12-17,312.5,960992
2013-12-18,311.54998779296875,481899
2013-12-19,309.29998779296875,308650
2013-12-20,312.8999938964844,349407
2013-12-23,313.04998779296875,180802
2013-12-24,312.04998779296875,177903
2013-12-26,309.8500061035156,669505
2013-12-27,316.6000061035156,335008
2013-12-30,326.70001220703125,461845
2013-12-31,321.6000061035156,337035
2014-01-01,323.6000061035156,62536
2014-01-02,318.04998779296875,267640
2014-01-03,321.20001220703125,309308
2014-01-06,316.45001220703125,379906
2014-01-07,315.5,152570
2014-01-08,315.5,114938
2014-01-09,306.6499938964844,243143
2014-01-10,304.25,228939
2014-01-13,298.04998779296875,98151
2014-01-14,306.1499938964844,202054
2014-01-15,298.8500061035156,443141
2014-01-16,286.20001220703125,829165
2014-01-17,286.45001220703125,415709
2014-01-20,281.1499938964844,314397
2014-01-21,277.04998779296875,413190
2014-01-22,270.6499938964844,458844
2014-01-23,273.79998779296875,307077
2014-01-24,266.0,197442
2014-01-27,260.1499938964844,144206
2014-01-28,254.5500030517578,148201
2014-01-29,256.20001220703125,260668
2014-01-30,258.20001220703125,350138
2014-01-31,257.1000061035156,220781
2014-02-03,256.29998779296875,509738
2014-02-04,256.3999938964844,157706
2014-02-05,250.5,485858
2014-02-06,259.79998779296875,579161
2014-02-07,254.39999389648438,557072
2014-02-10,256.3999938964844,303175
2014-02-11,255.10000610351562,304966
2014-02-12,255.85000610351562,218552
2014-02-13,254.5500030517578,215347
2014-02-14,253.14999389648438,129456
2014-02-17,253.64999389648438,158515
2014-02-18,256.79998779296875,159738
2014-02-19,266.8500061035156,458583
2014-02-20,267.04998779296875,567441
2014-02-21,281.5,866887
2014-02-24,279.79998779296875,341630
2014-02-25,279.8500061035156,180442
2014-02-26,281.45001220703125,855058
2014-02-28,282.1000061035156,209791
2014-03-03,284.79998779296875,591368
2014-03-04,280.79998779296875,566232
2014-03-05,279.8500061035156,293843
2014-03-06,292.70001220703125,431658
2014-03-07,287.6000061035156,240628
2014-03-10,289.70001220703125,164968
2014-03-11,296.3999938964844,329412
2014-03-12,290.29998779296875,329750
2014-03-13,284.3500061035156,173298
2014-03-14,281.3500061035156,300214
2014-03-18,286.5,233888
2014-03-19,285.6499938964844,164871
2014-03-20,277.54998779296875,316550
2014-03-21,286.79998779296875,291203
2014-03-24,283.95001220703125,86050
2014-03-25,292.6000061035156,335366
2014-03-26,289.29998779296875,207979
2014-03-27,288.45001220703125,364225
2014-03-28,291.1000061035156,314256
2014-03-31,305.8999938964844,830881
2014-04-01,298.25,569080
2014-04-02,296.5,384665
2014-04-03,294.6000061035156,362532
2014-04-04,288.79998779296875,391198
2014-04-07,281.20001220703125,344094
2014-04-09,283.1499938964844,415103
2014-04-10,279.8999938964844,368562
2014-04-11,280.1499938964844,395718
2014-04-15,273.8999938964844,301068
2014-04-16,268.79998779296875,233056
2014-04-17,274.95001220703125,337926
2014-04-21,274.3999938964844,302335
2014-04-22,274.70001220703125,146563
2014-04-23,276.0,945338
2014-04-24,276.0,0
2014-04-25,284.0,713614
2014-04-28,282.3500061035156,132887
2014-04-29,276.3999938964844,417808
2014-04-30,269.3999938964844,731527
2014-05-02,272.95001220703125,179782
2014-05-05,270.3500061035156,91670
2014-05-06,272.79998779296875,423036
2014-05-07,277.45001220703125,525335
2014-05-08,274.8500061035156,407091
2014-05-09,275.75,70350
2014-05-12,276.6499938964844,82163
2014-05-13,282.6000061035156,296616
2014-05-14,279.70001220703125,337925
2014-05-15,276.54998779296875,127328
2014-05-16,271.95001220703125,175726
2014-05-19,279.0,169558
2014-05-20,284.8500061035156,712280
2014-05-21,285.95001220703125,977366
2014-05-22,289.95001220703125,542839
2014-05-23,283.6000061035156,713803
2014-05-26,272.54998779296875,671742
2014-05-27,271.1499938964844,391598
2014-05-28,268.04998779296875,319868
2014-05-29,267.8500061035156,506403
2014-05-30,267.95001220703125,362565
2014-06-02,269.29998779296875,243749
2014-06-03,278.8500061035156,374648
2014-06-04,280.8999938964844,899316
2014-06-05,284.25,625714
2014-06-06,295.3500061035156,1097083
2014-06-09,303.25,968109
2014-06-10,298.75,672745
2014-06-11,295.8500061035156,745129
2014-06-12,296.1499938964844,461536
2014-06-13,290.95001220703125,503947
2014-06-16,292.0,146191
2014-06-17,296.95001220703125,134121
2014-06-18,297.8999938964844,819269
2014-06-19,294.0,195494
2014-06-20,293.1499938964844,217781
2014-06-23,292.6000061035156,179042
2014-06-24,297.54998779296875,203102
2014-06-25,302.45001220703125,361685
2014-06-26,300.1000061035156,670537
2014-06-27,317.0,1905054
2014-06-30,317.5,832428
2014-07-01,319.3500061035156,462175
2014-07-02,320.20001220703125,371384
2014-07-03,318.3999938964844,196683
2014-07-04,319.6499938964844,122008
2014-07-07,317.70001220703125,115494
2014-07-08,303.6000061035156,267056
2014-07-09,301.5,210621
2014-07-10,305.8999938964844,277249
2014-07-11,300.70001220703125,311844
2014-07-14,284.3500061035156,669057
2014-07-15,288.29998779296875,349953
2014-07-16,280.04998779296875,419248
2014-07-17,283.1499938964844,443207
2014-07-18,282.29998779296875,280443
2014-07-21,285.75,314615
2014-07-22,286.75,483619
2014-07-23,281.3500061035156,531737
2014-07-24,283.04998779296875,1101218
2014-07-25,277.95001220703125,407551
2014-07-28,277.3500061035156,444955
2014-07-30,280.54998779296875,166406
2014-07-31,281.25,588195
2014-08-01,278.3999938964844,193664
2014-08-04,279.20001220703125,80433
2014-08-05,281.29998779296875,55643
2014-08-06,278.5,150244
2014-08-07,277.70001220703125,56643
2014-08-08,273.75,171072
2014-08-11,275.3500061035156,88293
2014-08-12,276.70001220703125,80949
2014-08-13,269.6499938964844,265078
2014-08-14,271.25,140016
2014-08-18,274.29998779296875,204055
2014-08-19,283.29998779296875,248151
2014-08-20,290.6000061035156,462581
2014-08-21,289.3500061035156,547768
2014-08-22,291.0,534700
2014-08-25,291.54998779296875,336911
2014-08-26,295.3999938964844,328848
2014-08-27,302.79998779296875,643444
2014-08-28,294.20001220703125,309809
2014-09-01,292.3999938964844,179333
2014-09-02,294.1000061035156,502881
2014-09-03,290.1000061035156,300615
2014-09-04,295.79998779296875,263321
2014-09-05,291.29998779296875,198934
2014-09-08,294.25,241996
2014-09-09,289.5,349785
2014-09-10,290.20001220703125,253679
2014-09-11,297.8999938964844,454677
2014-09-12,298.5,309779
2014-09-15,305.29998779296875,672464
2014-09-16,294.04998779296875,553586
2014-09-17,303.75,271816
2014-09-18,310.0,422647
2014-09-19,311.8999938964844,304665
2014-09-22,312.04998779296875,192947
2014-09-23,303.45001220703125,374648
2014-09-24,301.04998779296875,239599
2014-09-25,295.3999938964844,413447
2014-09-26,291.04998779296875,179399
2014-09-29,289.3999938964844,82770
2014-09-30,290.70001220703125,208017
2014-10-01,293.0,181727
2014-10-07,283.54998779296875,217571
2014-10-08,275.8999938964844,403654
2014-10-09,279.8999938964844,130114
2014-10-10,271.8500061035156,203528
2014-10-13,269.79998779296875,225657
2014-10-14,267.5,320318
2014-10-15,267.5,0
2014-10-16,250.25,601379
2014-10-17,254.3000030517578,124406
2014-10-20,252.25,105487
2014-10-21,248.6999969482422,222965
2014-10-22,246.5500030517578,1045122
2014-10-27,251.89999389648438,776580
2014-10-28,254.14999389648438,415407
2014-10-29,254.8000030517578,343730
2014-10-30,254.0500030517578,384258
2014-10-31,260.04998779296875,301821
2014-11-03,269.95001220703125,450209
2014-11-05,256.8999938964844,389624
2014-11-07,252.10000610351562,298750
2014-11-10,249.85000610351562,425895
2014-11-11,249.89999389648438,273996
2014-11-12,249.5500030517578,378088
2014-11-13,245.0500030517578,245357
2014-11-14,242.3000030517578,1540785
2014-11-17,245.1999969482422,571436
2014-11-18,245.35000610351562,301760
2014-11-19,245.10000610351562,556540
2014-11-20,245.6999969482422,314181
2014-11-21,245.10000610351562,292768
2014-11-24,245.0500030517578,285964
2014-11-25,244.64999389648438,779211
2014-11-26,245.0500030517578,320588
2014-11-27,247.64999389648438,258409
2014-11-28,245.0500030517578,195798
2014-12-01,235.25,468703
2014-12-02,235.6999969482422,304145
2014-12-03,239.60000610351562,506924
2014-12-04,238.75,207130
2014-12-05,237.89999389648438,308211
2014-12-08,235.3000030517578,299489
2014-12-09,229.3000030517578,222832
2014-12-10,236.0,232299
2014-12-11,238.89999389648438,286371
2014-12-12,232.85000610351562,317006
2014-12-15,232.25,124864
2014-12-16,221.8000030517578,252242
2014-12-17,215.10000610351562,265896
2014-12-18,221.14999389648438,321880
2014-12-19,225.10000610351562,388774
2014-12-22,228.14999389648438,112720
2014-12-23,229.14999389648438,251585
2014-12-24,227.1999969482422,1351719
2014-12-26,228.8000030517578,225198
2014-12-29,228.5,202211
2014-12-30,228.60000610351562,161148
2014-12-31,236.0500030517578,312430
2015-01-01,232.6999969482422,177371
2015-01-02,234.0500030517578,201723
2015-01-05,231.39999389648438,150283
2015-01-06,220.5,487582
2015-01-07,219.0,459070
2015-01-08,220.14999389648438,734080
2015-01-09,222.75,503230
2015-01-12,220.39999389648438,277278
2015-01-13,216.9499969482422,411990
2015-01-14,217.64999389648438,463224
2015-01-15,219.25,332499
2015-01-16,216.75,264201
2015-01-19,218.0,327524
2015-01-20,220.9499969482422,241963
2015-01-21,213.10000610351562,706281
2015-01-22,212.85000610351562,473190
2015-01-23,211.64999389648438,171675
2015-01-27,208.0,294683
2015-01-28,203.60000610351562,354236
2015-01-29,203.5,484295
2015-01-30,205.85000610351562,179590
2015-02-02,208.60000610351562,298005
2015-02-03,212.0500030517578,314158
2015-02-04,214.8000030517578,375839
2015-02-05,211.5500030517578,307301
2015-02-06,208.9499969482422,226791
2015-02-09,208.85000610351562,142772
2015-02-10,210.35000610351562,246704
2015-02-11,211.0500030517578,168823
2015-02-12,211.10000610351562,179294
2015-02-13,230.85000610351562,1518236
2015-02-16,224.10000610351562,534004
2015-02-18,226.3000030517578,351753
2015-02-19,228.75,360426
2015-02-20,225.4499969482422,204753
2015-02-23,222.89999389648438,301519
2015-02-24,219.9499969482422,250736
2015-02-25,223.5500030517578,358568
2015-02-26,228.3000030517578,415828
2015-02-27,231.39999389648438,575923
2015-03-02,232.75,322426
2015-03-03,232.39999389648438,282735
2015-03-04,239.9499969482422,1071491
2015-03-05,244.0,689213
2015-03-09,239.9499969482422,309119
2015-03-10,239.9499969482422,183314
2015-03-11,241.1999969482422,190453
2015-03-12,251.8000030517578,498934
2015-03-13,245.4499969482422,280087
2015-03-16,247.14999389648438,279845
2015-03-17,245.0500030517578,174428
2015-03-18,246.6999969482422,151752
2015-03-19,241.39999389648438,82349
2015-03-20,235.89999389648438,235910
2015-03-23,239.8000030517578,190394
2015-03-24,240.10000610351562,127554
2015-03-25,245.0500030517578,313819
2015-03-26,244.64999389648438,461146
2015-03-27,238.0500030517578,113357
2015-03-30,245.0500030517578,180451
2015-03-31,239.4499969482422,662449
2015-04-01,240.5500030517578,399269
2015-04-06,240.35000610351562,137838
2015-04-07,245.4499969482422,171959
2015-04-08,245.35000610351562,325014
2015-04-09,251.0500030517578,500153
2015-04-10,252.5500030517578,610058
2015-04-13,255.3000030517578,416818
2015-04-15,260.04998779296875,910030
2015-04-16,260.0,438538
2015-04-17,261.75,486853
2015-04-20,250.6999969482422,220362
2015-04-21,247.6999969482422,238451
2015-04-22,255.10000610351562,406544
2015-04-23,255.10000610351562,332347
2015-04-24,252.85000610351562,425971
2015-04-27,242.1999969482422,228738
2015-04-28,242.8000030517578,343810
2015-04-29,242.4499969482422,192540
2015-04-30,242.3000030517578,302124
2015-05-04,238.64999389648438,320113
2015-05-05,238.0500030517578,359474
2015-05-06,236.85000610351562,414073
2015-05-07,239.75,567793
2015-05-08,245.4499969482422,498614
2015-05-11,246.89999389648438,398346
2015-05-12,241.60000610351562,331045
2015-05-13,242.5500030517578,241647
2015-05-14,240.3000030517578,283184
2015-05-15,246.5,547546
2015-05-18,250.0500030517578,324814
2015-05-19,245.0,301220
2015-05-20,250.89999389648438,500672
2015-05-21,255.10000610351562,396797
2015-05-22,245.8000030517578,201989
2015-05-25,242.3000030517578,126125
2015-05-26,247.1999969482422,274738
2015-05-27,241.8000030517578,148246
2015-05-28,236.0500030517578,405968
2015-05-29,240.35000610351562,327130
2015-06-01,245.10000610351562,380044
2015-06-02,245.0500030517578,1042468
2015-06-03,235.10000610351562,526861
2015-06-04,227.10000610351562,359557
2015-06-05,235.10000610351562,304742
2015-06-08,234.25,368457
2015-06-09,237.0,258964
2015-06-10,234.4499969482422,298110
2015-06-11,234.14999389648438,269333
2015-06-12,232.14999389648438,82888
2015-06-15,230.89999389648438,196991
2015-06-16,230.89999389648438,275542
2015-06-17,233.0500030517578,182132
2015-06-18,234.4499969482422,91178
2015-06-19,239.5500030517578,351123
2015-06-22,239.25,134291
2015-06-23,239.0500030517578,404169
2015-06-24,234.60000610351562,272183
2015-06-25,241.8000030517578,930753
2015-06-26,234.5,211135
2015-06-29,222.3000030517578,222559
2015-06-30,226.9499969482422,277412
2015-07-01,222.39999389648438,178826
2015-07-02,224.5,170971
2015-07-03,222.25,110486
2015-07-06,220.89999389648438,285348
2015-07-07,235.25,1500917
2015-07-08,228.9499969482422,372059
2015-07-09,226.60000610351562,223870
2015-07-10,229.6999969482422,150085
2015-07-13,227.89999389648438,102363
2015-07-14,230.0,193324
2015-07-15,230.39999389648438,158316
2015-07-16,231.8000030517578,199630
2015-07-17,233.25,294496
2015-07-20,231.64999389648438,164324
2015-07-21,228.5500030517578,125138
2015-07-22,228.35000610351562,56102
2015-07-23,232.8000030517578,221154
2015-07-24,230.39999389648438,359017
2015-07-27,227.8000030517578,180992
2015-07-28,228.0500030517578,302120
2015-07-29,226.25,105875
2015-07-30,224.64999389648438,355982
2015-07-31,225.25,528341
2015-08-03,228.25,611964
2015-08-04,225.10000610351562,481822
2015-08-05,222.35000610351562,280500
2015-08-06,220.0,307434
2015-08-07,217.0500030517578,415526
2015-08-10,216.0,252785
2015-08-11,210.0500030517578,271649
2015-08-12,200.25,308083
2015-08-13,196.3000030517578,413046
2015-08-14,200.6999969482422,271791
2015-08-17,197.75,245395
2015-08-18,198.4499969482422,366723
2015-08-19,197.10000610351562,499669
2015-08-20,196.60000610351562,365976
2015-08-21,196.75,357696
2015-08-24,172.5500030517578,918739
2015-08-25,170.0500030517578,359266
2015-08-26,165.8000030517578,380088
2015-08-27,166.10000610351562,724550
2015-08-28,169.14999389648438,622807
2015-08-31,166.0500030517578,309309
2015-09-01,160.35000610351562,245197
2015-09-02,155.6999969482422,305400
2015-09-03,159.5,527202
2015-09-04,153.75,320997
2015-09-07,150.75,215979
2015-09-08,151.14999389648438,390269
2015-09-09,166.75,690666
2015-09-10,164.64999389648438,412319
2015-09-11,165.0500030517578,275708
2015-09-14,161.39999389648438,192571
2015-09-15,167.0500030517578,713054
2015-09-16,160.14999389648438,493226
2015-09-18,153.39999389648438,725381
2015-09-21,154.0,525946
2015-09-22,151.64999389648438,327938
2015-09-23,151.9499969482422,409089
2015-09-24,149.4499969482422,562133
2015-09-28,149.3000030517578,326495
2015-09-29,151.75,447236
2015-09-30,154.1999969482422,280016
2015-10-01,155.39999389648438,359203
2015-10-05,159.0,234002
2015-10-06,160.14999389648438,239504
2015-10-07,164.60000610351562,365267
2015-10-08,172.8000030517578,1224417
2015-10-09,171.85000610351562,441428
2015-10-12,171.35000610351562,289805
2015-10-13,170.1999969482422,111276
2015-10-14,171.5,100527
2015-10-15,176.0,485348
2015-10-16,176.60000610351562,314510
2015-10-19,182.4499969482422,451025
2015-10-20,186.39999389648438,402156
2015-10-21,178.6999969482422,173612
2015-10-23,176.0,191350
2015-10-26,174.4499969482422,188760
2015-10-27,178.4499969482422,252583
2015-10-28,176.1999969482422,176303
2015-10-29,175.35000610351562,1307291
2015-10-30,171.89999389648438,232237
2015-11-02,176.0500030517578,421255
2015-11-03,172.3000030517578,895563
2015-11-04,166.8000030517578,235772
2015-11-05,162.89999389648438,132412
2015-11-06,165.64999389648438,146425
2015-11-09,166.5,116968
2015-11-10,165.39999389648438,138175
2015-11-13,166.89999389648438,122247
2015-11-16,167.64999389648438,129079
2015-11-17,176.10000610351562,960463
2015-11-18,172.35000610351562,604496
2015-11-19,174.0,145258
2015-11-20,178.35000610351562,887202
2015-11-23,177.0500030517578,322930
2015-11-24,174.0,322882
2015-11-26,178.14999389648438,452831
2015-11-27,178.8000030517578,276069
2015-11-30,180.0,411430
2015-12-01,178.6999969482422,338971
2015-12-02,183.10000610351562,660936
2015-12-03,177.9499969482422,569225
2015-12-04,177.8000030517578,583414
2015-12-07,176.60000610351562,411505
2015-12-08,177.6999969482422,1951791
2015-12-09,173.14999389648438,496988
2015-12-10,174.9499969482422,435813
2015-12-11,170.6999969482422,378172
2015-12-14,171.35000610351562,255342
2015-12-15,172.35000610351562,352565
2015-12-16,172.64999389648438,684381
2015-12-17,174.6999969482422,580689
2015-12-18,174.35000610351562,365362
2015-12-21,176.3000030517578,548486
2015-12-22,175.25,187492
2015-12-23,171.9499969482422,824634
2015-12-24,171.5500030517578,421713
2015-12-28,170.5,388185
2015-12-29,169.4499969482422,331483
2015-12-30,172.85000610351562,678715
2015-12-31,173.5500030517578,510051
2016-01-01,174.5,255921
2016-01-04,171.6999969482422,528349
2016-01-05,172.14999389648438,449980
2016-01-06,171.6999969482422,405988
2016-01-07,161.6999969482422,476970
2016-01-08,163.89999389648438,481912
2016-01-11,167.4499969482422,1243284
2016-01-12,166.75,559514
2016-01-13,168.1999969482422,843676
2016-01-14,166.3000030517578,208624
2016-01-15,162.5,989905
2016-01-18,152.1999969482422,910396
2016-01-19,155.89999389648438,269127
2016-01-20,146.6999969482422,501855
2016-01-21,146.14999389648438,424733
2016-01-22,146.4499969482422,444959
2016-01-25,146.14999389648438,543284
2016-01-27,148.35000610351562,742271
2016-01-28,149.8000030517578,1196611
2016-01-29,155.1999969482422,781255
2016-02-01,156.3000030517578,447143
2016-02-02,152.6999969482422,213123
2016-02-03,147.89999389648438,462850
2016-02-04,147.6999969482422,299382
2016-02-05,150.10000610351562,420128
2016-02-08,151.39999389648438,190397
2016-02-09,152.0500030517578,285745
2016-02-10,150.4499969482422,616470
2016-02-11,146.25,823258
2016-02-12,137.8000030517578,830119
2016-02-15,142.35000610351562,557126
2016-02-16,141.9499969482422,402525
2016-02-17,140.75,311750
2016-02-18,144.5500030517578,351610
2016-02-19,145.60000610351562,281546
2016-02-22,149.0500030517578,364416
2016-02-23,148.85000610351562,578042
2016-02-24,148.5500030517578,311022
2016-02-25,144.3000030517578,418715
2016-02-26,148.39999389648438,581565
2016-02-29,151.89999389648438,439770
2016-03-01,158.6999969482422,931801
2016-03-02,165.25,300624
2016-03-03,172.9499969482422,250142
2016-03-04,172.5500030517578,408627
2016-03-08,175.25,279201
2016-03-09,176.5500030517578,335906
2016-03-10,179.39999389648438,572457
2016-03-11,180.35000610351562,216083
2016-03-14,181.5,341046
2016-03-15,178.8000030517578,238071
2016-03-16,178.9499969482422,307183
2016-03-17,178.9499969482422,672692
2016-03-18,178.75,261366
2016-03-21,176.64999389648438,1032851
2016-03-22,178.6999969482422,3258952
2016-03-23,181.0500030517578,1152798
2016-03-28,182.1999969482422,1119502
2016-03-29,187.85000610351562,2171778
2016-03-30,188.35000610351562,599379
2016-03-31,185.4499969482422,783497
2016-04-01,193.85000610351562,895373
2016-04-04,192.1999969482422,728498
2016-04-05,190.9499969482422,442426
2016-04-06,195.0,873270
2016-04-07,194.5500030517578,701348
2016-04-08,195.39999389648438,258963
2016-04-11,200.75,560661
2016-04-12,196.25,439395
2016-04-13,197.6999969482422,413185
2016-04-18,196.89999389648438,189227
2016-04-20,194.39999389648438,331999
2016-04-21,192.3000030517578,406594
2016-04-22,192.8000030517578,314339
2016-04-25,193.10000610351562,310649
2016-04-26,193.0500030517578,360003
2016-04-27,192.14999389648438,252210
2016-04-28,189.3000030517578,426435
2016-04-29,190.25,215528
2016-05-02,192.8000030517578,194557
2016-05-03,190.25,472943
2016-05-04,180.5,536458
2016-05-05,181.85000610351562,670340
2016-05-06,185.6999969482422,581739
2016-05-09,188.8000030517578,730532
2016-05-10,189.25,959428
2016-05-11,188.89999389648438,368260
2016-05-12,190.0,465465
2016-05-13,186.8000030517578,248630
2016-05-16,187.64999389648438,646703
2016-05-17,190.1999969482422,867645
2016-05-18,189.5,268388
2016-05-19,185.0500030517578,411669
2016-05-20,182.75,323690
2016-05-23,179.64999389648438,505154
2016-05-24,180.3000030517578,592370
2016-05-25,181.8000030517578,229942
2016-05-26,183.25,421464
2016-05-27,183.60000610351562,436700
2016-05-30,184.75,586165
2016-05-31,180.1999969482422,556669
2016-06-01,180.1999969482422,317818
2016-06-02,182.35000610351562,183609
2016-06-03,181.60000610351562,288116
2016-06-06,179.75,212691
2016-06-07,176.3000030517578,474334
2016-06-08,186.25,620835
2016-06-09,186.39999389648438,1039889
2016-06-10,185.6999969482422,446033
2016-06-13,197.5,2939898
2016-06-14,196.64999389648438,1579941
2016-06-15,195.85000610351562,448201
2016-06-16,192.9499969482422,580155
2016-06-17,194.1999969482422,812138
2016-06-20,194.64999389648438,575633
2016-06-21,192.89999389648438,311053
2016-06-22,196.9499969482422,1486457
2016-06-23,192.85000610351562,611109
2016-06-24,184.14999389648438,757220
2016-06-27,185.3000030517578,1017454
2016-06-28,187.10000610351562,775046
2016-06-29,191.0,945939
2016-06-30,193.85000610351562,912939
2016-07-01,211.64999389648438,2436783
2016-07-04,209.5,1513190
2016-07-05,209.10000610351562,1466362
2016-07-07,213.4499969482422,1139833
2016-07-08,211.6999969482422,512339
2016-07-11,213.9499969482422,642685
2016-07-12,214.85000610351562,1053384
2016-07-13,212.39999389648438,615968
2016-07-14,214.60000610351562,347146
2016-07-15,210.5,253321
2016-07-18,211.39999389648438,544009
2016-07-19,202.85000610351562,1036511
2016-07-20,206.39999389648438,921505
2016-07-21,203.4499969482422,610785
2016-07-22,204.25,833011
2016-07-25,208.0,886612
2016-07-26,199.10000610351562,916386
2016-07-27,204.35000610351562,711523
2016-07-28,203.4499969482422,1177278
2016-07-29,204.35000610351562,505902
2016-08-01,199.35000610351562,464123
2016-08-02,192.89999389648438,500025
2016-08-03,184.8000030517578,906933
2016-08-04,188.10000610351562,456157
2016-08-05,190.9499969482422,614081
2016-08-08,195.35000610351562,1161036
2016-08-09,187.4499969482422,1375817
2016-08-10,180.8000030517578,1122147
2016-08-11,180.5500030517578,796177
2016-08-12,180.39999389648438,282456
2016-08-16,180.3000030517578,341494
2016-08-17,184.3000030517578,577355
2016-08-18,184.85000610351562,532164
2016-08-19,188.6999969482422,580436
2016-08-22,185.8000030517578,504336
2016-08-23,186.0500030517578,529213
2016-08-24,187.5,765691
2016-08-25,183.1999969482422,647791
2016-08-26,182.8000030517578,310265
2016-08-29,181.14999389648438,426936
2016-08-30,182.64999389648438,264288
2016-08-31,181.64999389648438,324104
2016-09-01,179.0500030517578,499449
2016-09-02,179.89999389648438,215879
2016-09-06,181.3000030517578,291620
2016-09-07,187.8000030517578,842596
2016-09-08,188.9499969482422,622199
2016-09-09,185.9499969482422,315201
2016-09-12,181.0,244248
2016-09-14,181.75,347756
2016-09-15,182.64999389648438,291219
2016-09-16,181.85000610351562,489915
2016-09-19,181.9499969482422,387173
2016-09-20,180.60000610351562,821417
2016-09-21,179.5500030517578,430731
2016-09-22,181.0500030517578,403272
2016-09-23,184.1999969482422,748308
2016-09-26,181.60000610351562,632999
2016-09-27,181.75,290756
2016-09-28,182.85000610351562,478184
2016-09-29,169.6999969482422,1123354
2016-09-30,169.9499969482422,628678
2016-10-03,172.64999389648438,576860
2016-10-04,170.89999389648438,714468
2016-10-05,178.75,2835525
2016-10-06,177.60000610351562,1834051
2016-10-07,177.4499969482422,396034
2016-10-10,175.6999969482422,299507
2016-10-13,171.8000030517578,373191
2016-10-14,173.14999389648438,423215
2016-10-17,170.14999389648438,395251
2016-10-18,171.5500030517578,340124
2016-10-19,172.4499969482422,357173
2016-10-20,172.75,311471
2016-10-21,173.3000030517578,668496
2016-10-24,172.3000030517578,415278
2016-10-25,170.5,682653
2016-10-26,171.14999389648438,688256
2016-10-27,168.5,608889
2016-10-28,169.5,174900
2016-11-01,169.5500030517578,307237
2016-11-02,165.5,433187
2016-11-03,159.5,1118865
2016-11-04,159.5500030517578,796880
2016-11-07,161.14999389648438,160500
2016-11-08,163.60000610351562,733533
2016-11-09,154.8000030517578,1318955
2016-11-10,157.8000030517578,636797
2016-11-11,155.14999389648438,477388
2016-11-15,158.85000610351562,961331
2016-11-16,151.89999389648438,495335
2016-11-17,150.9499969482422,172381
2016-11-18,153.75,489549
2016-11-21,145.6999969482422,646375
2016-11-22,147.5500030517578,483519
2016-11-23,147.0,515331
2016-11-24,146.10000610351562,804237
2016-11-25,147.5,304586
2016-11-28,146.89999389648438,211587
2016-11-29,148.8000030517578,405302
2016-11-30,149.9499969482422,542082
2016-12-01,149.10000610351562,259073
2016-12-02,146.75,130693
2016-12-05,146.8000030517578,295210
2016-12-06,147.25,349623
2016-12-07,147.1999969482422,419621
2016-12-08,148.5,547714
2016-12-09,152.35000610351562,375280
2016-12-12,151.9499969482422,272100
2016-12-13,152.8000030517578,589858
2016-12-14,148.85000610351562,641511
2016-12-15,150.60000610351562,539026
2016-12-16,149.0500030517578,223211
2016-12-19,149.0500030517578,343674
2016-12-20,145.9499969482422,609028
2016-12-21,146.25,870274
2016-12-22,143.1999969482422,477219
2016-12-23,142.64999389648438,482710
2016-12-26,138.4499969482422,455781
2016-12-27,139.85000610351562,664996
2016-12-28,139.75,596795
2016-12-29,139.9499969482422,538642
2016-12-30,139.85000610351562,655119
2017-01-02,140.64999389648438,948993
2017-01-03,139.35000610351562,750644
2017-01-04,139.6999969482422,470594
2017-01-05,140.4499969482422,886847
2017-01-06,141.25,1581941
2017-01-09,144.9499969482422,1279770
2017-01-10,146.5500030517578,826610
2017-01-11,148.60000610351562,669386
2017-01-12,148.5500030517578,520140
2017-01-13,153.89999389648438,1729884
2017-01-16,153.89999389648438,551394
2017-01-17,154.35000610351562,531078
2017-01-18,154.35000610351562,773271
2017-01-19,152.6999969482422,630871
2017-01-20,151.14999389648438,583054
2017-01-23,153.8000030517578,1037201
2017-01-24,154.5500030517578,689476
2017-01-25,153.64999389648438,1173575
2017-01-27,152.5,1604049
2017-01-30,160.0500030517578,1826312
2017-01-31,156.25,1263471
2017-02-01,158.85000610351562,1025396
2017-02-02,164.89999389648438,1307919
2017-02-03,164.14999389648438,955127
2017-02-06,162.89999389648438,1091079
2017-02-07,160.1999969482422,874856
2017-02-08,170.1999969482422,2636423
2017-02-09,171.1999969482422,1340681
2017-02-10,171.85000610351562,1104363
2017-02-13,171.6999969482422,375789
2017-02-14,172.0,718506
2017-02-15,167.89999389648438,619405
2017-02-16,168.39999389648438,324163
2017-02-17,171.5500030517578,520568
2017-02-20,171.35000610351562,586447
2017-02-21,169.64999389648438,463612
2017-02-22,164.75,1011237
2017-02-23,165.4499969482422,2663417
2017-02-27,171.85000610351562,826637
2017-02-28,172.39999389648438,257784
2017-03-01,175.6999969482422,774238
2017-03-02,171.3000030517578,484160
2017-03-03,170.85000610351562,171006
2017-03-06,173.64999389648438,145195
2017-03-07,173.1999969482422,110990
2017-03-08,171.8000030517578,101016
2017-03-09,170.35000610351562,105865
2017-03-10,168.0,244829
2017-03-14,168.39999389648438,69380
2017-03-15,168.1999969482422,140571
2017-03-16,169.1999969482422,280051
2017-03-17,170.0500030517578,260238
2017-03-20,167.9499969482422,178550
2017-03-21,165.85000610351562,142107
2017-03-22,165.10000610351562,204157
2017-03-23,167.9499969482422,249865
2017-03-24,165.10000610351562,188000
2017-03-27,163.8000030517578,123371
2017-03-28,165.10000610351562,156382
2017-03-29,163.25,224996
2017-03-30,164.14999389648438,76163
2017-03-31,166.0500030517578,128297
2017-04-03,166.89999389648438,89448
2017-04-05,167.60000610351562,203643
2017-04-06,180.6999969482422,2569769
2017-04-07,177.39999389648438,535104
2017-04-10,185.10000610351562,711129
2017-04-11,183.6999969482422,262689
2017-04-12,180.0500030517578,146902
2017-04-13,181.4499969482422,440877
2017-04-17,181.3000030517578,101935
2017-04-18,179.10000610351562,194066
2017-04-19,179.75,175859
2017-04-20,181.75,264913
2017-04-21,182.0500030517578,333035
2017-04-24,180.0,273091
2017-04-25,180.5,241472
2017-04-26,191.5,1760269
2017-04-27,190.6999969482422,405602
2017-04-28,191.5500030517578,383709
2017-05-02,192.0,336746
2017-05-03,190.1999969482422,173024
2017-05-04,186.39999389648438,173008
2017-05-05,184.8000030517578,125446
2017-05-08,190.3000030517578,246821
2017-05-09,185.9499969482422,219568
2017-05-10,185.0,139396
2017-05-11,183.60000610351562,116678
2017-05-12,181.60000610351562,57002
2017-05-15,179.75,75076
2017-05-16,183.75,212356
2017-05-17,182.10000610351562,126512
2017-05-18,175.89999389648438,184716
2017-05-19,176.14999389648438,132260
2017-05-22,173.5500030517578,99658
2017-05-23,169.6999969482422,86670
2017-05-24,166.5500030517578,72639
2017-05-25,165.6999969482422,69700
2017-05-26,168.89999389648438,138856
2017-05-29,167.10000610351562,72390
2017-05-30,166.89999389648438,30073
2017-05-31,166.35000610351562,358201
2017-06-01,166.39999389648438,273905
2017-06-02,169.4499969482422,498895
2017-06-05,173.35000610351562,179950
2017-06-06,178.85000610351562,451640
2017-06-07,180.0500030517578,202837
2017-06-08,178.35000610351562,81169
2017-06-09,183.8000030517578,355314
2017-06-12,175.8000030517578,154792
2017-06-13,177.25,94327
2017-06-14,183.35000610351562,414408
2017-06-15,182.0500030517578,128994
2017-06-16,181.3000030517578,61833
2017-06-19,180.0,109953
2017-06-20,181.14999389648438,67166
2017-06-21,180.89999389648438,36939
2017-06-22,180.14999389648438,69517
2017-06-23,177.10000610351562,53459
2017-06-27,173.9499969482422,83406
2017-06-28,174.64999389648438,108099
2017-06-29,175.0500030517578,25062
2017-06-30,173.6999969482422,70616
2017-07-03,175.64999389648438,53124
2017-07-04,174.85000610351562,87448
2017-07-05,174.9499969482422,220103
2017-07-06,174.9499969482422,110896
2017-07-07,178.60000610351562,1005622
2017-07-10,180.8000030517578,72078
2017-07-11,178.85000610351562,150194
2017-07-12,177.3000030517578,93411
2017-07-13,175.5,183531
2017-07-14,174.60000610351562,83928
2017-07-17,174.39999389648438,116783
2017-07-18,172.8000030517578,98227
2017-07-19,172.8000030517578,63715
2017-07-20,172.4499969482422,115720
2017-07-21,173.0,77913
2017-07-24,173.4499969482422,58988
2017-07-25,173.0,56425
2017-07-26,172.39999389648438,58759
2017-07-27,171.35000610351562,32624
2017-07-28,174.39999389648438,143396
2017-07-31,176.0,340101
2017-08-01,179.25,438529
2017-08-02,176.9499969482422,61398
2017-08-03,177.0,70631
2017-08-04,177.9499969482422,294675
2017-08-07,181.0,76722
2017-08-08,180.9499969482422,389173
2017-08-09,178.0,178078
2017-08-10,173.60000610351562,166534
2017-08-11,169.75,106192
2017-08-14,174.10000610351562,104530
2017-08-16,175.35000610351562,144694
2017-08-17,176.64999389648438,58283
2017-08-18,175.1999969482422,88055
2017-08-21,175.9499969482422,234911
2017-08-22,177.8000030517578,78007
2017-08-23,177.60000610351562,105338
2017-08-24,177.9499969482422,99578
2017-08-28,176.64999389648438,39669
2017-08-29,174.75,81509
2017-08-30,176.39999389648438,40569
2017-08-31,176.0,65286
2017-09-01,174.4499969482422,90877
2017-09-04,173.0500030517578,41634
2017-09-05,174.89999389648438,257658
2017-09-06,174.64999389648438,460598
2017-09-07,173.0,93041
2017-09-08,173.0,146844
2017-09-11,173.0,99463
2017-09-12,173.25,96982
2017-09-13,170.5500030517578,79843
2017-09-14,170.25,44618
2017-09-15,170.10000610351562,89621
2017-09-18,171.60000610351562,70335
2017-09-19,169.5500030517578,63256
2017-09-20,167.5500030517578,102264
2017-09-21,167.39999389648438,99855
2017-09-22,163.89999389648438,52793
2017-09-25,157.5,154340
2017-09-26,156.10000610351562,159382
2017-09-27,155.64999389648438,94480
2017-09-28,158.89999389648438,87678
2017-09-29,163.5,138131
2017-10-03,160.0500030517578,127959
2017-10-04,156.0,257880
2017-10-05,160.6999969482422,106127
2017-10-06,161.60000610351562,142088
2017-10-09,164.6999969482422,116076
2017-10-10,165.1999969482422,56310
2017-10-11,160.0,296462
2017-10-12,164.0,68919
2017-10-13,161.9499969482422,224210
2017-10-16,160.0,117350
2017-10-17,160.14999389648438,247335
2017-10-18,159.64999389648438,55151
2017-10-19,159.9499969482422,49214
2017-10-23,160.89999389648438,95121
2017-10-24,160.4499969482422,90841
2017-10-25,160.25,153112
2017-10-26,160.60000610351562,270312
2017-10-27,162.14999389648438,258078
2017-10-30,163.6999969482422,210562
2017-10-31,165.9499969482422,288047
2017-11-01,166.89999389648438,124128
2017-11-02,167.5500030517578,151900
2017-11-03,170.35000610351562,131297
2017-11-06,170.0500030517578,80457
2017-11-07,166.9499969482422,119036
2017-11-08,166.4499969482422,104306
2017-11-09,167.60000610351562,178086
2017-11-10,167.35000610351562,531689
2017-11-13,165.10000610351562,183896
2017-11-14,165.39999389648438,111439
2017-11-15,164.1999969482422,128272
2017-11-16,165.10000610351562,158188
2017-11-17,165.9499969482422,286843
2017-11-20,172.4499969482422,566492
2017-11-21,192.5500030517578,3774458
2017-11-22,195.64999389648438,2089378
2017-11-23,195.14999389648438,1307168
2017-11-24,198.3000030517578,761301
2017-11-27,211.14999389648438,1811534
2017-11-28,225.8000030517578,5133307
2017-11-29,218.6999969482422,1681394
2017-11-30,234.89999389648438,14405951
2017-12-01,219.14999389648438,4191519
2017-12-04,209.1999969482422,3159420
2017-12-05,211.60000610351562,1553453
2017-12-06,206.85000610351562,1116796
2017-12-07,208.4499969482422,851526
2017-12-08,212.4499969482422,1486665
2017-12-11,208.5500030517578,724013
2017-12-12,205.1999969482422,534030
2017-12-13,201.35000610351562,540426
2017-12-14,199.89999389648438,496846
2017-12-15,201.75,264697
2017-12-18,201.64999389648438,509284
2017-12-19,203.60000610351562,387410
2017-12-20,204.64999389648438,846962
2017-12-21,208.64999389648438,433841
2017-12-22,207.75,519297
2017-12-26,208.75,327636
2017-12-27,205.85000610351562,665445
2017-12-28,208.25,330250
2017-12-29,205.10000610351562,221357
2018-01-01,203.1999969482422,185420
2018-01-02,198.9499969482422,308102
2018-01-03,198.6999969482422,191684
2018-01-04,195.9499969482422,293639
2018-01-05,191.1999969482422,559269
2018-01-08,197.1999969482422,668012
2018-01-09,196.39999389648438,455962
2018-01-10,199.75,520598
2018-01-11,196.9499969482422,501643
2018-01-12,195.85000610351562,231639
2018-01-15,194.4499969482422,239907
2018-01-16,187.1999969482422,299348
2018-01-17,183.39999389648438,247513
2018-01-18,183.1999969482422,413975
2018-01-19,180.64999389648438,411300
2018-01-22,181.25,235840
2018-01-23,182.5,204777
2018-01-24,180.0500030517578,151155
2018-01-25,177.6999969482422,191281
2018-01-29,175.75,125113
2018-01-30,174.85000610351562,189251
2018-01-31,170.39999389648438,246034
2018-02-01,172.39999389648438,168997
2018-02-02,165.9499969482422,202452
2018-02-05,169.64999389648438,247108
2018-02-06,162.0500030517578,428541
2018-02-07,168.8000030517578,744773
2018-02-08,172.10000610351562,338044
2018-02-09,171.64999389648438,196393
2018-02-12,173.14999389648438,165699
2018-02-14,171.0500030517578,244743
2018-02-15,170.75,215404
2018-02-16,169.5,280825
2018-02-19,169.85000610351562,337741
2018-02-20,168.8000030517578,141244
2018-02-21,166.75,89596
2018-02-22,165.75,154315
2018-02-23,166.6999969482422,120743
2018-02-26,168.6999969482422,98391
2018-02-27,167.3000030517578,47936
2018-02-28,165.10000610351562,148307
2018-03-01,164.0,205364
2018-03-05,158.9499969482422,243211
2018-03-06,154.25,170518
2018-03-07,154.10000610351562,159612
2018-03-08,153.85000610351562,160994
2018-03-09,154.3000030517578,184756
2018-03-12,152.75,190757
2018-03-13,151.10000610351562,236239
2018-03-14,149.89999389648438,243806
2018-03-15,148.0,563169
2018-03-16,148.6999969482422,691180
2018-03-19,147.8000030517578,144700
2018-03-20,145.14999389648438,186628
2018-03-21,145.14999389648438,142374
2018-03-22,140.39999389648438,275974
2018-03-23,140.39999389648438,397357
2018-03-26,141.39999389648438,346048
2018-03-27,142.0500030517578,213433
2018-03-28,143.8000030517578,417303
2018-04-02,151.39999389648438,705753
2018-04-03,153.35000610351562,987153
2018-04-04,154.1999969482422,882776
2018-04-05,162.0,340862
2018-04-06,164.9499969482422,603089
2018-04-09,166.4499969482422,130213
2018-04-10,164.0500030517578,290705
2018-04-11,160.14999389648438,522017
2018-04-12,157.89999389648438,392889
2018-04-13,160.3000030517578,1023673
2018-04-16,160.10000610351562,192971
2018-04-17,162.85000610351562,417348
2018-04-18,158.5,110254
2018-04-19,159.89999389648438,307865
2018-04-20,157.60000610351562,248774
2018-04-23,158.8000030517578,263081
2018-04-24,159.14999389648438,304799
2018-04-25,154.89999389648438,250180
2018-04-26,155.0,333127
2018-04-27,155.0,335648
2018-04-30,155.35000610351562,118340
2018-05-02,152.14999389648438,119536
2018-05-03,150.60000610351562,114864
2018-05-04,153.6999969482422,195702
2018-05-07,153.3000030517578,108588
2018-05-08,154.0500030517578,97140
2018-05-09,153.85000610351562,152662
2018-05-10,151.5500030517578,93086
2018-05-11,151.5500030517578,188396
2018-05-14,148.89999389648438,217559
2018-05-15,147.6999969482422,77262
2018-05-16,147.1999969482422,134929
2018-05-17,145.5500030517578,76838
2018-05-18,144.1999969482422,44452
2018-05-21,143.9499969482422,696141
2018-05-22,140.4499969482422,145026
2018-05-23,141.75,83285
2018-05-24,148.0,364900
2018-05-25,148.60000610351562,711015
2018-05-28,154.8000030517578,289201
2018-05-29,152.25,169508
2018-05-30,154.35000610351562,244395
2018-05-31,147.8000030517578,914074
2018-06-01,144.85000610351562,272440
2018-06-04,141.14999389648438,300528
2018-06-05,134.14999389648438,314867
2018-06-06,137.0500030517578,280497
2018-06-07,136.14999389648438,202975
2018-06-08,135.85000610351562,125043
2018-06-11,134.8000030517578,87450
2018-06-12,137.9499969482422,127724
2018-06-13,142.64999389648438,380127
2018-06-14,141.8000030517578,67146
2018-06-15,144.89999389648438,1211981
2018-06-18,149.35000610351562,315846
2018-06-19,151.9499969482422,445791
2018-06-20,152.89999389648438,176868
2018-06-21,152.10000610351562,212547
2018-06-22,152.5500030517578,140384
2018-06-25,151.85000610351562,149698
2018-06-26,150.9499969482422,97377
2018-06-27,148.64999389648438,216225
2018-06-28,148.5,174527
2018-06-29,149.1999969482422,566054
2018-07-02,147.14999389648438,147895
2018-07-03,147.8000030517578,342460
2018-07-04,147.8000030517578,181647
2018-07-05,146.5500030517578,208358
2018-07-06,145.85000610351562,120031
2018-07-09,143.85000610351562,137695
2018-07-10,143.64999389648438,127010
2018-07-11,142.25,49833
2018-07-12,140.75,81859
2018-07-13,139.0,114241
2018-07-16,138.8000030517578,159359
2018-07-17,139.0500030517578,50859
2018-07-18,138.39999389648438,89427
2018-07-19,137.6999969482422,86671
2018-07-20,136.35000610351562,161659
2018-07-23,135.75,119833
2018-07-24,138.9499969482422,188297
2018-07-25,137.5,120386
2018-07-26,136.5,106445
2018-07-27,134.39999389648438,582211
2018-07-30,132.0,540255
2018-07-31,132.5500030517578,299259
2018-08-01,131.39999389648438,198670
2018-08-02,130.5,557784
2018-08-03,133.89999389648438,257979
2018-08-06,134.1999969482422,117110
2018-08-07,131.64999389648438,181842
2018-08-08,130.9499969482422,208858
2018-08-09,130.64999389648438,182139
2018-08-10,130.14999389648438,384485
2018-08-13,127.5,325640
2018-08-14,128.60000610351562,430969
2018-08-16,130.0500030517578,297865
2018-08-17,130.9499969482422,750781
2018-08-20,129.8000030517578,303438
2018-08-21,132.85000610351562,1132664
2018-08-23,134.0,471882
2018-08-24,132.5,1243385
2018-08-27,137.9499969482422,963836
2018-08-28,137.14999389648438,1028272
2018-08-29,142.89999389648438,756946
2018-08-30,148.64999389648438,1203522
2018-08-31,152.85000610351562,685687
2018-09-03,153.25,475148
2018-09-04,153.0,264952
2018-09-05,154.3000030517578,321071
2018-09-06,155.60000610351562,686034
2018-09-07,165.9499969482422,730213
2018-09-10,165.35000610351562,1234253
2018-09-11,161.14999389648438,324535
2018-09-12,155.6999969482422,254208
2018-09-14,158.64999389648438,488429
2018-09-17,158.85000610351562,735580
2018-09-18,157.0,712535
2018-09-19,157.5,136786
2018-09-21,152.14999389648438,619362
2018-09-24,148.64999389648438,295986
2018-09-25,150.5500030517578,140641
2018-09-26,150.4499969482422,108890
2018-09-27,148.10000610351562,125899
2018-09-28,145.3000030517578,260713
2018-10-01,151.60000610351562,173466
2018-10-03,149.25,120294
2018-10-04,148.4499969482422,134669
2018-10-05,142.39999389648438,271336
2018-10-08,141.0500030517578,312217
2018-10-09,140.6999969482422,98632
2018-10-10,140.9499969482422,123904
2018-10-11,140.3000030517578,153763
2018-10-12,141.4499969482422,96517
2018-10-15,141.5500030517578,695269
2018-10-16,138.85000610351562,351478
2018-10-17,135.1999969482422,122562
2018-10-19,132.25,283243
2018-10-22,131.0,47980
2018-10-23,129.89999389648438,119699
2018-10-24,130.10000610351562,41530
2018-10-25,129.9499969482422,53467
2018-10-26,131.4499969482422,83590
2018-10-29,130.75,85219
2018-10-30,135.10000610351562,162616
2018-10-31,134.64999389648438,185029
2018-11-01,135.39999389648438,82761
2018-11-02,132.9499969482422,101633
2018-11-05,139.75,785751
2018-11-06,134.8000030517578,290360
2018-11-07,135.89999389648438,20682
2018-11-09,134.0,175495
2018-11-12,130.60000610351562,2136282
2018-11-13,131.1999969482422,282290
2018-11-14,129.60000610351562,141002
2018-11-15,127.0999984741211,121812
2018-11-16,127.5999984741211,120623
2018-11-19,129.25,120620
2018-11-20,128.25,210115
2018-11-21,127.8499984741211,74343
2018-11-22,126.3499984741211,115967
2018-11-26,129.35000610351562,103790
2018-11-27,126.69999694824219,127089
2018-11-28,125.69999694824219,58836
2018-11-29,123.3499984741211,113428
2018-11-30,124.5999984741211,217955
2018-12-03,124.3499984741211,97790
2018-12-04,123.25,157047
2018-12-05,122.55000305175781,177737
2018-12-06,122.0999984741211,207016
2018-12-07,120.80000305175781,146929
2018-12-10,116.30000305175781,159012
2018-12-11,117.30000305175781,153147
2018-12-12,120.05000305175781,217302
2018-12-13,119.8499984741211,192700
2018-12-14,118.8499984741211,391393
2018-12-17,117.0,121322
2018-12-18,116.19999694824219,136800
2018-12-19,116.0999984741211,144638
2018-12-20,116.44999694824219,112636
2018-12-21,116.44999694824219,119221
2018-12-24,115.25,57328
2018-12-26,113.5999984741211,80955
2018-12-27,113.94999694824219,81672
2018-12-28,115.94999694824219,150354
2018-12-31,118.55000305175781,254551
2019-01-01,115.75,168795
2019-01-02,114.80000305175781,66387
2019-01-03,113.4000015258789,69189
2019-01-04,112.94999694824219,123723
2019-01-07,112.55000305175781,100087
2019-01-08,112.0999984741211,89800
2019-01-09,113.9000015258789,101139
2019-01-10,112.94999694824219,120819
2019-01-11,113.75,238853
2019-01-14,111.80000305175781,76075
2019-01-15,111.4000015258789,92685
2019-01-16,111.0,102838
2019-01-17,110.5999984741211,106673
2019-01-18,108.30000305175781,86631
2019-01-21,108.0999984741211,98016
2019-01-22,106.3499984741211,51505
2019-01-23,104.30000305175781,62192
2019-01-24,106.55000305175781,359169
2019-01-25,102.8499984741211,61519
2019-01-28,98.4000015258789,104306
2019-01-29,97.44999694824219,57951
2019-01-30,97.05000305175781,44197
2019-01-31,97.05000305175781,116101
2019-02-01,97.5999984741211,142111
2019-02-04,96.25,82305
2019-02-05,99.9000015258789,205088
2019-02-06,98.0999984741211,40476
2019-02-07,96.44999694824219,48348
2019-02-08,95.44999694824219,38513
2019-02-11,91.80000305175781,107945
2019-02-12,91.1500015258789,98779
2019-02-14,88.3499984741211,74531
2019-02-15,84.0,208304
2019-02-18,86.0,270407
2019-02-19,85.44999694824219,47704
2019-02-20,85.19999694824219,55678
2019-02-21,86.80000305175781,146787
2019-02-22,89.69999694824219,266825
2019-02-25,90.05000305175781,70495
2019-02-26,90.94999694824219,118054
2019-02-27,89.75,82840
2019-02-28,87.19999694824219,59747
2019-03-01,88.8499984741211,112853
2019-03-05,90.9000015258789,184114
2019-03-06,92.80000305175781,252832
2019-03-07,93.5,215369
2019-03-08,92.69999694824219,77891
2019-03-11,93.19999694824219,140642
2019-03-12,93.75,154134
2019-03-13,92.30000305175781,76223
2019-03-14,93.05000305175781,183415
2019-03-15,88.94999694824219,198890
2019-03-18,87.75,103105
2019-03-19,87.80000305175781,93537
2019-03-20,87.94999694824219,51678
2019-03-22,87.4000015258789,85123
2019-03-25,85.6500015258789,68893
2019-03-26,86.5999984741211,110634
2019-03-27,85.75,144610
2019-03-28,85.75,83492
2019-04-01,87.80000305175781,142298
2019-04-02,88.5,155709
2019-04-03,88.05000305175781,129718
2019-04-04,86.1500015258789,151062
2019-04-05,85.75,106516
2019-04-08,83.55000305175781,149597
2019-04-09,83.5999984741211,63615
2019-04-10,84.3499984741211,66634
2019-04-11,84.80000305175781,61105
2019-04-12,83.80000305175781,72269
2019-04-15,85.69999694824219,131448
2019-04-16,84.6500015258789,87465
2019-04-18,84.0,69208
2019-04-22,83.05000305175781,74748
2019-04-23,82.4000015258789,80942
2019-04-24,81.30000305175781,179955
2019-04-25,77.5999984741211,195882
2019-04-26,76.25,129968
2019-04-30,61.0,670783
2019-05-02,51.20000076293945,4358778
2019-05-03,46.099998474121094,2335018
2019-05-06,41.70000076293945,1834386
2019-05-07,37.95000076293945,3796253
2019-05-08,39.650001525878906,1463484
2019-05-09,38.70000076293945,437258
2019-05-10,37.900001525878906,323780
2019-05-13,36.04999923706055,391576
2019-05-14,34.25,263046
2019-05-15,32.54999923706055,995820
2019-05-16,30.950000762939453,307464
2019-05-17,32.45000076293945,1570008
2019-05-20,30.950000762939453,2263284
2019-05-21,30.100000381469727,567001
2019-05-22,29.950000762939453,418118
2019-05-23,28.600000381469727,528928
2019-05-24,29.950000762939453,929186
2019-05-27,31.399999618530273,515909
2019-05-28,32.95000076293945,456718
2019-05-29,34.54999923706055,944745
2019-05-30,34.349998474121094,676335
2019-05-31,33.25,392900
2019-06-03,33.349998474121094,190964
2019-06-04,33.349998474121094,93558
2019-06-06,32.099998474121094,174163
2019-06-07,30.75,169209
2019-06-10,27.700000762939453,410983
2019-06-11,24.950000762939453,741505
2019-06-12,24.200000762939453,1213582
2019-06-13,23.0,809705
2019-06-14,21.850000381469727,393779
2019-06-17,20.799999237060547,979043
2019-06-18,19.799999237060547,451782
2019-06-19,18.850000381469727,425554
2019-06-20,17.950000762939453,145447
2019-06-21,17.100000381469727,2596792
2019-06-24,16.25,397385
2019-06-25,15.449999809265137,205420
2019-06-26,15.100000381469727,2935975
2019-06-27,15.850000381469727,491118
2019-06-28,16.600000381469727,359153
2019-07-01,15.800000190734863,639764
2019-07-02,15.050000190734863,81638
2019-07-03,14.300000190734863,1436428
2019-07-04,13.600000381469727,473933
2019-07-05,12.949999809265137,1114156
2019-07-08,12.550000190734863,513580
2019-07-09,11.949999809265137,609633
2019-07-10,11.399999618530273,351551
2019-07-11,11.0,553524
2019-07-12,11.550000190734863,358325
2019-07-15,12.100000381469727,411829
2019-07-16,12.699999809265137,37941
2019-07-17,13.300000190734863,541506
2019-07-18,12.649999618530273,988124
2019-07-19,12.100000381469727,327356
2019-07-22,11.5,238755
2019-07-23,11.050000190734863,443607
2019-07-24,10.550000190734863,222401
2019-07-25,10.050000190734863,302792
2019-07-26,9.550000190734863,357258
2019-07-29,9.399999618530273,338663
2019-07-30,9.850000381469727,292418
2019-07-31,10.300000190734863,228267
2019-08-01,10.350000381469727,299090
2019-08-02,10.0,857957
2019-08-05,10.5,594457
2019-08-06,11.0,492822
2019-08-07,11.5,601941
2019-08-08,11.899999618530273,166621
2019-08-09,12.399999618530273,255999
2019-08-13,12.050000190734863,286611
2019-08-14,12.550000190734863,403258
2019-08-16,12.0,290058
2019-08-19,11.600000381469727,63735
2019-08-20,11.649999618530273,33378
2019-08-21,11.449999809265137,62815
2019-08-22,10.949999809265137,71076
2019-08-23,10.899999618530273,39910
2019-08-26,10.699999809265137,59423
2019-08-27,11.199999809265137,56193
2019-08-28,11.75,69809
2019-08-29,12.25,81588
2019-08-30,12.050000190734863,57973
2019-09-03,11.800000190734863,85079
2019-09-04,11.850000381469727,41003
2019-09-05,11.550000190734863,68364
2019-09-06,11.5,114306
2019-09-09,11.300000190734863,152650
2019-09-11,11.649999618530273,116126
2019-09-12,11.75,131937
2019-09-13,11.649999618530273,142834
2019-09-16,11.399999618530273,94672
2019-09-17,10.850000381469727,636850
2019-09-18,10.350000381469727,93722
2019-09-19,9.850000381469727,126493
2019-09-20,9.399999618530273,120542
2019-09-23,8.949999809265137,340536
2019-09-24,9.149999618530273,620379
2019-09-25,9.300000190734863,190309
2019-09-26,9.199999809265137,233908
2019-09-27,9.0,159635
2019-09-30,8.75,247219
2019-10-01,8.399999618530273,148537
2019-10-03,8.050000190734863,260815
2019-10-04,7.75,131381
2019-10-07,7.400000095367432,427849
2019-10-09,7.5,140067
2019-10-10,7.150000095367432,151280
2019-10-11,7.25,209831
2019-10-14,7.0,182574
2019-10-15,6.75,101085
2019-10-16,6.449999809265137,359227
2019-10-17,6.25,275057
2019-10-18,6.5,234527
2019-10-22,6.75,251492
2019-10-23,6.449999809265137,1500196
2019-10-24,6.150000095367432,876703
2019-10-25,6.150000095367432,161756
2019-10-27,6.349999904632568,79621
2019-10-29,6.650000095367432,339270
2019-10-30,6.949999809265137,592841
2019-10-31,7.0,430336
2019-11-01,7.300000190734863,876296
2019-11-04,7.449999809265137,439875
2019-11-05,7.349999904632568,254192
2019-11-06,7.150000095367432,182012
2019-11-07,6.949999809265137,183060
2019-11-08,7.0,187246
2019-11-11,7.349999904632568,566848
2019-11-13,7.099999904632568,702855
2019-11-14,6.949999809265137,175508
2019-11-15,7.25,6487461
2019-11-18,7.599999904632568,1261723
2019-11-19,7.75,507468
2019-11-20,7.400000095367432,459374
2019-11-21,7.050000190734863,569744
2019-11-22,6.699999809265137,299968
2019-11-25,6.400000095367432,403970
2019-11-26,6.150000095367432,488670
2019-11-27,6.400000095367432,458469
2019-11-28,6.699999809265137,1216490
2019-11-29,6.949999809265137,1171584
2019-12-02,7.25,1040604
2019-12-03,6.900000095367432,524469
2019-12-04,6.599999904632568,467619
2019-12-05,6.599999904632568,461159
2019-12-06,6.75,152980
2019-12-09,6.650000095367432,169443
2019-12-10,6.349999904632568,624219
2019-12-11,5.75,721573
2019-12-12,5.5,789494
2019-12-13,5.400000095367432,329632
2019-12-16,5.25,355058
2019-12-17,5.050000190734863,853658
2019-12-18,4.800000190734863,880950
2019-12-19,4.599999904632568,503661
2019-12-20,4.449999809265137,649372
2019-12-23,4.300000190734863,785012
2019-12-24,4.099999904632568,430114
2019-12-26,4.300000190734863,690849
2019-12-27,4.5,117918
2019-12-30,4.449999809265137,604828
2019-12-31,4.650000095367432,194917
2020-01-01,4.599999904632568,251403
2020-01-02,4.650000095367432,325494
2020-01-03,4.599999904632568,253621
2020-01-06,4.599999904632568,249659
2020-01-07,4.800000190734863,391725
2020-01-08,5.0,405828
2020-01-09,5.25,201259
2020-01-10,5.5,1243220
2020-01-13,5.300000190734863,487376
2020-01-14,5.050000190734863,239584
2020-01-15,4.900000095367432,268112
2020-01-16,5.050000190734863,212640
2020-01-17,4.949999809265137,317199
2020-01-20,4.800000190734863,234053
2020-01-21,4.599999904632568,233462
2020-01-22,4.449999809265137,218799
2020-01-23,4.650000095367432,82433
2020-01-24,4.849999904632568,247391
2020-01-27,4.800000190734863,193756
2020-01-28,4.699999809265137,604674
2020-01-29,4.800000190734863,84520
2020-01-30,4.650000095367432,115612
2020-01-31,4.5,101816
2020-02-03,4.199999809265137,112973
2020-02-04,4.150000095367432,210488
2020-02-05,4.150000095367432,125450
2020-02-06,4.550000190734863,158079
2020-02-07,5.0,788687
2020-02-10,4.900000095367432,205701
2020-02-11,4.849999904632568,153531
2020-02-12,4.400000095367432,480627
2020-02-13,4.099999904632568,822492
2020-02-14,4.0,1396493
2020-02-17,4.050000190734863,328414
2020-02-18,3.9000000953674316,137182
2020-02-19,3.75,793164
2020-02-20,3.6500000953674316,1285538
2020-02-24,3.5,875813
2020-02-25,3.450000047683716,564339
2020-02-26,3.299999952316284,1000934
2020-02-27,3.1500000953674316,1138147
2020-02-28,3.049999952316284,602323
2020-03-02,2.9000000953674316,1211937
2020-03-03,2.799999952316284,766234
2020-03-04,2.700000047683716,274502
2020-03-05,2.799999952316284,1079905
2020-03-06,2.700000047683716,448481
2020-03-09,2.799999952316284,1235062
2020-03-11,2.700000047683716,1044739
2020-03-12,2.5999999046325684,273690
2020-03-13,2.5,520956
2020-03-16,2.4000000953674316,415818
2020-03-17,2.299999952316284,601515
2020-03-18,2.200000047683716,175628
2020-03-19,2.1500000953674316,452550
2020-03-20,2.049999952316284,763293
2020-03-23,1.9500000476837158,162775
2020-03-24,1.899999976158142,761055
2020-03-25,1.9500000476837158,680760
2020-03-26,1.899999976158142,535188
2020-03-27,1.899999976158142,792583
2020-03-30,1.9500000476837158,333911
2020-03-31,2.0,51916
2020-04-01,2.0999999046325684,46318
2020-04-03,2.200000047683716,45954
2020-04-07,2.299999952316284,15479
2020-04-08,2.4000000953674316,12710
2020-04-09,2.5,19331
2020-04-13,2.5999999046325684,8284
2020-04-15,2.700000047683716,28312
2020-04-16,2.799999952316284,9323
2020-04-17,2.9000000953674316,11954
2020-04-20,3.0,13461
2020-04-21,3.1500000953674316,22208
2020-04-22,3.299999952316284,14313
2020-04-23,3.450000047683716,4258
2020-04-24,3.5999999046325684,42376
2020-04-27,3.75,84350
2020-04-28,3.9000000953674316,15695
2020-04-29,4.050000190734863,104317
2020-04-30,4.25,40290
2020-05-04,4.449999809265137,2525875
2020-05-05,4.25,1342086
2020-05-06,4.449999809265137,589191
2020-05-07,4.650000095367432,49172
2020-05-08,4.849999904632568,168969
2020-05-11,5.050000190734863,558714
2020-05-12,4.849999904632568,953529
2020-05-13,5.0,597863
2020-05-14,4.75,575495
2020-05-15,4.550000190734863,361421
2020-05-18,4.349999904632568,139418
2020-05-19,4.150000095367432,148027
2020-05-20,3.950000047683716,142114
2020-05-21,4.0,393265
2020-05-22,4.0,158218
2020-05-26,4.0,403805
2020-05-27,4.0,103724
2020-05-28,4.0,177788
2020-05-29,4.199999809265137,195458
2020-06-01,4.400000095367432,94160
2020-06-02,4.599999904632568,132130
2020-06-03,4.800000190734863,118278
2020-06-04,5.0,112474
2020-06-05,5.25,44208
2020-06-08,5.5,136660
2020-06-09,5.75,85780
2020-06-10,6.0,152586
2020-06-11,6.300000190734863,100045
2020-06-12,6.599999904632568,595882
2020-06-15,6.900000095367432,155189
2020-06-16,7.199999809265137,75066
2020-06-17,7.550000190734863,79724
2020-06-18,7.900000095367432,20202
2020-06-19,8.25,42559
2020-06-22,8.649999618530273,38496
2020-06-23,9.050000190734863,75722
2020-06-24,9.5,2486893
2020-06-25,9.050000190734863,494138
2020-06-26,8.600000381469727,153728
2020-06-29,8.199999809265137,64543
2020-06-30,7.800000190734863,73758
2020-07-01,7.449999809265137,58768
2020-07-02,7.699999809265137,1049333
2020-07-03,8.050000190734863,1377419
2020-07-06,8.449999809265137,219334
2020-07-07,8.850000381469727,245827
2020-07-08,9.0,1849574
2020-07-09,8.75,421969
2020-07-10,8.449999809265137,326907
2020-07-13,8.449999809265137,278558
2020-07-14,8.199999809265137,274648
2020-07-15,8.300000190734863,383708
2020-07-16,8.649999618530273,387852
2020-07-17,9.050000190734863,421928
2020-07-20,9.100000381469727,295433
2020-07-21,9.550000190734863,602459
2020-07-22,10.0,1184353
2020-07-23,10.5,1233987
2020-07-24,11.0,735545
2020-07-27,11.550000190734863,81178
2020-07-28,12.100000381469727,60589
2020-07-29,12.699999809265137,49514
2020-07-30,13.300000190734863,1578629
2020-07-31,12.649999618530273,1783136
2020-08-03,12.050000190734863,186081
2020-08-04,11.449999809265137,99717
2020-08-05,12.0,1033216
2020-08-06,12.600000381469727,69824
2020-08-07,13.199999809265137,846366
2020-08-10,13.850000381469727,4956239
2020-08-11,14.5,25921
2020-08-12,15.199999809265137,51273
2020-08-13,15.949999809265137,57361
2020-08-14,16.700000762939453,122018
2020-08-17,17.5,1541186
2020-08-18,18.350000381469727,2231455
2020-08-19,19.25,58467
2020-08-20,20.200000762939453,41648
2020-08-21,21.200000762939453,38781
2020-08-24,22.25,1605379
2020-08-25,23.350000381469727,561314
2020-08-26,24.5,63882
2020-08-27,25.700000762939453,52744
2020-08-28,24.450000762939453,1625524
2020-08-31,23.25,365867
2020-09-01,22.100000381469727,34207
2020-09-02,21.0,44467
2020-09-03,19.950000762939453,275000
2020-09-04,19.299999237060547,1960093
2020-09-07,20.25,111273
2020-09-08,21.25,1488543
2020-09-09,20.850000381469727,1220699
2020-09-10,20.450000762939453,237999
2020-09-11,19.450000762939453,369285
2020-09-14,19.700000762939453,431708
2020-09-15,18.75,501496
2020-09-16,19.649999618530273,914230
2020-09-17,19.149999618530273,357786
2020-09-18,18.299999237060547,609805
2020-09-21,17.399999618530273,552316
2020-09-22,16.549999237060547,181754
2020-09-23,16.149999618530273,920260
2020-09-24,15.449999809265137,464715
2020-09-25,16.200000762939453,334271
2020-09-28,17.0,318236
2020-09-29,17.850000381469727,225909
2020-09-30,18.700000762939453,209332
2020-10-01,19.350000381469727,596513
2020-10-05,18.950000762939453,327519
2020-10-06,18.299999237060547,311373
2020-10-07,18.350000381469727,505789
2020-10-08,18.25,192170
2020-10-09,18.700000762939453,288138
2020-10-12,18.899999618530273,390533
2020-10-13,18.450000762939453,569715
2020-10-14,19.299999237060547,769531
2020-10-15,20.149999618530273,931302
2020-10-16,19.799999237060547,311721
2020-10-19,19.75,255187
2020-10-20,19.350000381469727,247564
2020-10-21,19.100000381469727,509447
2020-10-22,18.600000381469727,129412
2020-10-23,18.649999618530273,334543
2020-10-26,18.350000381469727,185772
2020-10-27,17.899999618530273,198933
2020-10-28,18.5,280346
2020-10-29,18.299999237060547,181278
2020-10-30,18.5,102225
2020-11-02,18.049999237060547,396134
2020-11-03,18.399999618530273,228401
2020-11-04,18.450000762939453,235470
2020-11-05,19.25,637480
2020-11-06,20.149999618530273,732447
2020-11-09,21.149999618530273,558371
2020-11-10,22.0,1278443
2020-11-11,22.399999618530273,1262563
2020-11-12,21.75,932601
2020-11-13,21.200000762939453,384317
2020-11-14,21.700000762939453,442529
2020-11-17,22.600000381469727,895137
2020-11-18,23.549999237060547,631689
2020-11-19,24.700000762939453,1056331
2020-11-20,25.899999618530273,2204438
2020-11-23,26.25,1469904
2020-11-24,24.950000762939453,1300430
2020-11-25,23.75,631593
2020-11-26,23.549999237060547,1390644
2020-11-27,23.799999237060547,367810
2020-12-01,24.75,822052
2020-12-02,25.850000381469727,1711690
2020-12-03,27.100000381469727,1992056
2020-12-04,25.75,2673917
2020-12-07,24.549999237060547,3942698
2020-12-08,23.75,763196
2020-12-09,24.549999237060547,902432
2020-12-10,23.799999237060547,452287
2020-12-11,24.149999618530273,308294
2020-12-14,23.899999618530273,495611
2020-12-15,22.75,1254700
2020-12-16,23.049999237060547,390582
2020-12-17,22.200000762939453,322877
2020-12-18,21.950000762939453,513472
2020-12-21,20.899999618530273,290187
2020-12-22,21.549999237060547,737735
2020-12-23,22.0,331656
2020-12-24,21.200000762939453,475007
2020-12-28,21.350000381469727,222654
2020-12-29,21.100000381469727,817612
2020-12-30,21.0,182343
2020-12-31,22.049999237060547,438934
2021-01-01,23.149999618530273,565538
2021-01-04,23.25,832300
2021-01-05,22.799999237060547,333194
2021-01-06,22.450000762939453,274116
2021-01-07,23.5,635910
2021-01-08,23.299999237060547,360320
2021-01-11,22.75,450610
2021-01-12,22.649999618530273,289924
2021-01-13,22.399999618530273,174037
2021-01-14,22.399999618530273,99907
2021-01-15,21.600000381469727,355202
2021-01-18,20.950000762939453,292726
2021-01-19,20.100000381469727,543260
2021-01-20,19.100000381469727,1006382
2021-01-21,18.549999237060547,589763
2021-01-22,19.399999618530273,442570
2021-01-25,18.700000762939453,370037
2021-01-27,18.200000762939453,247056
2021-01-28,18.049999237060547,267588
2021-01-29,17.950000762939453,377095
2021-02-01,18.100000381469727,188422
2021-02-02,18.5,149184
2021-02-03,18.450000762939453,256725
2021-02-04,18.600000381469727,412643
2021-02-05,18.700000762939453,125666
2021-02-08,18.799999237060547,234258
2021-02-09,18.799999237060547,108628
2021-02-10,18.450000762939453,272199
2021-02-11,19.350000381469727,254247
2021-02-12,20.299999237060547,1135258
2021-02-15,21.299999237060547,253224
2021-02-16,22.350000381469727,203633
2021-02-17,21.950000762939453,1207564
2021-02-18,21.25,468083
2021-02-19,21.049999237060547,299353
2021-02-22,20.600000381469727,185512
2021-02-23,20.350000381469727,128361
2021-02-24,19.649999618530273,211042
2021-02-25,20.600000381469727,284268
2021-02-26,20.850000381469727,662325
2021-03-01,21.850000381469727,495781
2021-03-02,22.899999618530273,536982
2021-03-03,24.0,1958444
2021-03-04,25.200000762939453,917701
2021-03-05,24.200000762939453,3177728
2021-03-08,23.899999618530273,712571
2021-03-09,23.350000381469727,564060
2021-03-10,23.799999237060547,424847
2021-03-12,23.0,367198
2021-03-15,22.25,282874
2021-03-16,22.700000762939453,198342
2021-03-17,22.0,171048
2021-03-18,21.149999618530273,553996
2021-03-19,21.049999237060547,284517
2021-03-22,20.75,213363
2021-03-23,21.049999237060547,135648
2021-03-24,21.100000381469727,119991
2021-03-25,20.149999618530273,521483
2021-03-26,19.799999237060547,438873
2021-03-30,19.149999618530273,411761
2021-03-31,19.100000381469727,161587
2021-04-01,20.049999237060547,348695
2021-04-05,19.549999237060547,392293
2021-04-06,19.700000762939453,182348
2021-04-07,19.649999618530273,101200
2021-04-08,20.600000381469727,374116
2021-04-09,21.600000381469727,430211
2021-04-12,20.549999237060547,103488
2021-04-13,19.75,1431885
2021-04-15,19.450000762939453,307379
2021-04-16,19.399999618530273,629115
2021-04-19,18.799999237060547,148339
2021-04-20,18.950000762939453,138846
2021-04-22,19.850000381469727,753505
2021-04-23,20.799999237060547,113972
2021-04-26,21.799999237060547,1313652
2021-04-27,22.399999618530273,1138902
2021-04-28,22.75,1316285
2021-04-29,22.100000381469727,1307964
2021-04-30,22.649999618530273,783828
2021-05-03,23.549999237060547,1337094
2021-05-04,22.649999618530273,1206652
2021-05-05,23.75,604424
2021-05-06,24.149999618530273,2970355
2021-05-07,23.450000762939453,641333
2021-05-10,24.549999237060547,997933
2021-05-11,25.75,1452095
2021-05-12,27.0,1854476
2021-05-14,28.200000762939453,3274031
2021-05-17,26.799999237060547,228684
2021-05-18,26.100000381469727,2614405
2021-05-19,25.950000762939453,814980
2021-05-20,26.100000381469727,597323
2021-05-21,27.399999618530273,1580388
2021-05-24,28.75,451074
2021-05-25,29.200000762939453,3139396
2021-05-26,28.299999237060547,863314
2021-05-27,29.700000762939453,1452387
2021-05-28,30.899999618530273,5041932
2021-05-31,32.400001525878906,1682366
2021-06-01,34.0,3353412
2021-06-02,34.650001525878906,2353649
2021-06-03,36.20000076293945,2538361
2021-06-04,38.0,2812911
2021-06-07,39.900001525878906,1596929
2021-06-08,41.849998474121094,4466466
2021-06-09,39.95000076293945,3667947
2021-06-10,40.400001525878906,4141357
2021-06-11,41.0,1700468
2021-06-14,39.04999923706055,1410486
2021-06-15,37.29999923706055,1350752
2021-06-16,39.150001525878906,2240780
2021-06-17,39.0,1307976
2021-06-18,37.900001525878906,557849
2021-06-21,37.75,757935
2021-06-22,37.54999923706055,1051355
2021-06-23,36.5,314092
2021-06-24,34.70000076293945,377043
2021-06-25,33.0,121406
2021-06-28,34.650001525878906,3896685
2021-06-29,36.349998474121094,600894
2021-06-30,38.0,3036362
2021-07-01,36.099998474121094,1481162
2021-07-02,34.29999923706055,1058188
2021-07-05,36.0,589579
2021-07-06,35.29999923706055,735442
2021-07-07,34.70000076293945,541233
2021-07-08,34.0,187434
2021-07-09,34.349998474121094,212197
2021-07-12,33.650001525878906,260465
2021-07-13,34.95000076293945,631681
2021-07-14,34.0,267041
2021-07-15,34.20000076293945,693305
2021-07-16,35.099998474121094,1091538
2021-07-19,34.70000076293945,309915
2021-07-20,33.0,375065
2021-07-22,32.400001525878906,799194
2021-07-23,30.799999237060547,528279
2021-07-26,30.100000381469727,1071462
2021-07-27,31.600000381469727,1469405
2021-07-28,33.150001525878906,1665163
2021-07-29,34.79999923706055,140201
2021-07-30,33.900001525878906,984565
2021-08-02,32.25,1167542
2021-08-03,31.100000381469727,720060
2021-08-04,31.149999618530273,1225314
2021-08-05,32.599998474121094,1273216
2021-08-06,33.900001525878906,1311242
2021-08-09,30.549999237060547,216564
2021-08-10,27.5,169283
2021-08-11,24.850000381469727,11496588
2021-08-12,26.049999237060547,3275218
2021-08-13,24.75,3247403
2021-08-16,23.549999237060547,674753
2021-08-17,22.399999618530273,74093
2021-08-18,21.299999237060547,105574
2021-08-20,20.25,57599
2021-08-23,19.25,1263050
2021-08-24,18.350000381469727,3346288
2021-08-25,19.25,1958931
2021-08-26,20.200000762939453,223594
2021-08-27,21.200000762939453,363112
2021-08-30,22.25,290557
2021-08-31,23.350000381469727,72758
2021-09-01,24.5,251784
2021-09-02,25.700000762939453,133537
2021-09-03,26.950000762939453,7320738
2021-09-06,28.25,1753670
2021-09-07,29.649999618530273,4463822
2021-09-08,31.100000381469727,1555588
2021-09-09,29.600000381469727,1399466
2021-09-13,28.149999618530273,297040
2021-09-14,29.549999237060547,1020220
2021-09-15,29.0,734764
2021-09-16,27.899999618530273,293633
2021-09-17,28.0,992630
2021-09-20,26.799999237060547,539090
2021-09-21,26.700000762939453,621525
2021-09-22,28.0,335730
2021-09-23,29.399999618530273,555071
2021-09-24,30.850000381469727,1186890
2021-09-27,30.450000762939453,5953153
2021-09-28,31.950000762939453,8022203
2021-09-29,33.5,164175
2021-09-30,34.650001525878906,4407186
2021-10-01,32.95000076293945,201747
2021-10-04,31.700000762939453,999807
2021-10-05,30.25,611045
2021-10-06,28.850000381469727,685767
2021-10-07,28.399999618530273,574790
2021-10-08,29.799999237060547,332056
2021-10-11,30.25,1101958
2021-10-12,28.950000762939453,1402364
2021-10-13,30.25,1989445
2021-10-14,29.600000381469727,762355
2021-10-18,29.399999618530273,755906
2021-10-19,28.149999618530273,427368
2021-10-20,26.75,844819
2021-10-21,27.049999237060547,424286
2021-10-22,26.25,349285
2021-10-25,24.950000762939453,644143
2021-10-26,26.149999618530273,542348
2021-10-27,27.450000762939453,721223
2021-10-28,26.200000762939453,627662
2021-10-29,26.049999237060547,283044
2021-11-01,27.200000762939453,567815
2021-11-02,27.100000381469727,326318
2021-11-03,26.450000762939453,247380
2021-11-04,27.0,75470
2021-11-08,28.350000381469727,395508
2021-11-09,29.75,517842
2021-11-10,29.049999237060547,3230950
2021-11-11,28.850000381469727,507530
2021-11-12,30.200000762939453,1826800
2021-11-15,28.899999618530273,778556
2021-11-16,29.049999237060547,374732
2021-11-17,30.0,1795686
2021-11-18,29.25,697270
2021-11-22,27.850000381469727,1027090
2021-11-23,28.200000762939453,471869
2021-11-24,28.0,1196466
2021-11-25,28.100000381469727,490574
2021-11-26,27.350000381469727,454004
2021-11-29,26.0,625412
2021-11-30,25.200000762939453,611199
2021-12-01,25.799999237060547,264540
2021-12-02,26.25,440006
2021-12-03,26.350000381469727,161885
2021-12-06,26.100000381469727,113568
2021-12-07,26.25,273906
2021-12-08,26.950000762939453,625274
2021-12-09,27.600000381469727,360663
2021-12-10,29.799999237060547,2167508
2021-12-13,27.950000762939453,1381733
2021-12-14,27.799999237060547,666189
2021-12-15,27.850000381469727,361447
2021-12-16,27.450000762939453,253054
2021-12-17,26.549999237060547,525182
2021-12-20,23.899999618530273,757620
2021-12-21,23.549999237060547,6210484
2021-12-22,25.600000381469727,1071786
2021-12-23,26.649999618530273,688872
2021-12-24,25.5,486628
2021-12-27,27.0,954211
2021-12-28,27.0,614075
2021-12-29,27.100000381469727,532793
2021-12-30,27.049999237060547,478547
2021-12-31,26.600000381469727,384771
2022-01-03,29.25,3112890
2022-01-04,29.0,3975086
2022-01-05,28.149999618530273,886271
2022-01-06,28.450000762939453,713525
2022-01-07,29.649999618530273,3912679
2022-01-10,28.649999618530273,1307441
2022-01-11,29.049999237060547,3156765
2022-01-12,28.700000762939453,1879984
2022-01-13,29.149999618530273,1998364
2022-01-14,29.600000381469727,1316556
2022-01-17,31.700000762939453,5700073
2022-01-18,30.25,2208341
2022-01-19,32.849998474121094,4977318
2022-01-20,33.5,5101237
2022-01-21,31.75,3721331
2022-01-24,29.549999237060547,1907049
2022-01-25,29.25,965946
2022-01-27,29.899999618530273,1071740
2022-01-28,29.049999237060547,898890
2022-01-31,28.0,961592
2022-02-01,27.950000762939453,517042
2022-02-02,28.75,641286
2022-02-03,28.149999618530273,533150
2022-02-04,27.600000381469727,631059
2022-02-07,28.149999618530273,818556
2022-02-08,27.149999618530273,727165
2022-02-09,27.0,419834
2022-02-10,26.75,419330
2022-02-11,26.700000762939453,354764
2022-02-14,25.0,836671
2022-02-15,24.700000762939453,1439192
2022-02-16,25.649999618530273,760027
2022-02-17,24.899999618530273,422501
2022-02-18,24.899999618530273,887696
2022-02-21,23.649999618530273,317929
2022-02-22,23.200000762939453,437516
2022-02-23,23.899999618530273,263699
2022-02-24,21.899999618530273,1010962
2022-02-25,23.200000762939453,347098
2022-02-28,24.799999237060547,1117257
2022-03-02,24.5,304250
2022-03-03,23.950000762939453,398612
2022-03-04,23.049999237060547,972321
2022-03-07,22.799999237060547,441367
2022-03-08,23.149999618530273,306234
2022-03-09,23.5,288456
2022-03-10,23.549999237060547,520319
2022-03-11,23.399999618530273,347150
2022-03-14,22.950000762939453,980138
2022-03-15,24.200000762939453,1447450
2022-03-16,23.700000762939453,920081
2022-03-17,23.399999618530273,455477
2022-03-21,22.799999237060547,1291785
2022-03-22,22.700000762939453,1289839
2022-03-23,23.350000381469727,1380267
2022-03-24,23.049999237060547,931221
2022-03-25,22.649999618530273,688041
2022-03-28,22.049999237060547,760817
2022-03-29,22.350000381469727,2614019
2022-03-30,22.950000762939453,1338284
2022-03-31,22.799999237060547,453004
2022-04-01,24.25,882982
2022-04-04,25.149999618530273,721063
2022-04-05,25.5,430010
2022-04-06,25.799999237060547,634027
2022-04-07,27.299999237060547,1909040
2022-04-08,27.25,859025
2022-04-11,25.799999237060547,394621
2022-04-12,24.75,629449
2022-04-13,25.299999237060547,229936
2022-04-18,25.899999618530273,876037
2022-04-19,25.649999618530273,689714
2022-04-20,25.850000381469727,1148240
2022-04-21,26.799999237060547,1042115
2022-04-22,25.850000381469727,415679
2022-04-25,25.049999237060547,315109
2022-04-26,24.899999618530273,678097
2022-04-27,24.799999237060547,268905
2022-04-28,24.5,396458
2022-04-29,24.5,412796
2022-05-02,23.899999618530273,315739
2022-05-04,23.100000381469727,354855
2022-05-05,23.299999237060547,169575
2022-05-06,22.700000762939453,182798
2022-05-09,21.899999618530273,395092
2022-05-10,22.850000381469727,428428
2022-05-11,21.700000762939453,331775
2022-05-12,21.100000381469727,324174
2022-05-13,22.0,292379
2022-05-16,21.700000762939453,280568
2022-05-17,22.450000762939453,180371
2022-05-18,22.25,170647
2022-05-19,21.799999237060547,186091
2022-05-20,22.25,129752
2022-05-23,22.0,96118
2022-05-24,21.299999237060547,452077
2022-05-25,20.549999237060547,369448
2022-05-26,20.25,153413
2022-05-27,20.899999618530273,150878
2022-05-30,21.649999618530273,152968
2022-05-31,21.049999237060547,286487
2022-06-01,20.700000762939453,190081
2022-06-02,21.850000381469727,588208
2022-06-03,20.950000762939453,321251
2022-06-06,22.75,1276785
2022-06-07,21.299999237060547,495604
2022-06-08,21.049999237060547,278020
2022-06-09,21.0,123982
2022-06-10,21.100000381469727,198445
2022-06-13,20.100000381469727,206834
2022-06-14,19.0,632532
2022-06-15,19.450000762939453,419256
2022-06-16,18.649999618530273,687541
2022-06-17,19.450000762939453,1117857
2022-06-20,18.799999237060547,206372
2022-06-21,19.200000762939453,102003
2022-06-22,18.899999618530273,99833
2022-06-23,19.100000381469727,147491
2022-06-24,19.799999237060547,165098
2022-06-27,20.850000381469727,387180
2022-06-28,20.700000762939453,356067
2022-06-29,23.0,1751437
2022-06-30,22.600000381469727,343892
2022-07-01,22.899999618530273,316858
2022-07-04,22.049999237060547,178143
2022-07-05,20.399999618530273,958959
2022-07-06,20.149999618530273,407949
2022-07-07,20.5,155388
2022-07-08,21.0,504286
2022-07-11,21.200000762939453,614658
2022-07-12,21.700000762939453,406920
2022-07-13,21.75,131531
2022-07-14,21.450000762939453,96610
2022-07-15,20.950000762939453,129932
2022-07-18,21.350000381469727,156527
2022-07-19,20.450000762939453,937788
2022-07-20,21.0,243219
2022-07-21,20.899999618530273,167260
2022-07-22,21.0,272960
2022-07-25,21.0,177316
2022-07-26,21.25,1661149
2022-07-27,22.100000381469727,799415
2022-07-28,23.549999237060547,1347401
2022-07-29,23.700000762939453,1148397
2022-08-01,22.600000381469727,599179
2022-08-02,22.899999618530273,178794
2022-08-03,22.950000762939453,293239
2022-08-04,22.399999618530273,372259
2022-08-05,22.450000762939453,183535
2022-08-08,23.049999237060547,486939
2022-08-10,22.649999618530273,385063
2022-08-11,22.299999237060547,604156
2022-08-12,23.100000381469727,1128741
2022-08-16,22.399999618530273,614922
2022-08-17,23.049999237060547,645724
2022-08-18,23.149999618530273,298012
2022-08-19,23.450000762939453,655778
2022-08-22,23.049999237060547,212147
2022-08-23,23.25,608046
2022-08-24,23.600000381469727,605178
2022-08-25,24.049999237060547,1482474
2022-08-26,24.25,548317
2022-08-29,24.149999618530273,392070
2022-08-30,24.450000762939453,854679
2022-09-01,24.5,654632
2022-09-02,24.649999618530273,2068617
2022-09-05,24.549999237060547,361689
2022-09-06,24.0,375753
2022-09-07,24.950000762939453,842121
2022-09-08,24.649999618530273,677882
2022-09-09,23.899999618530273,342299
2022-09-12,23.649999618530273,238987
2022-09-13,23.25,391404
2022-09-14,23.100000381469727,406039
2022-09-15,23.799999237060547,915461
2022-09-16,28.549999237060547,20905866
2022-09-19,34.25,3199062
2022-09-20,37.650001525878906,764151
2022-09-21,35.599998474121094,22159794
2022-09-22,36.349998474121094,5457004
2022-09-23,32.75,4888638
2022-09-26,29.5,5281921
2022-09-27,26.649999618530273,3673775
2022-09-28,27.950000762939453,1013247
2022-09-29,29.299999237060547,4143672
2022-09-30,29.100000381469727,2358134
2022-10-03,27.649999618530273,1453604
2022-10-04,26.950000762939453,1599172
2022-10-06,27.950000762939453,877205
2022-10-07,29.299999237060547,2184231
2022-10-10,29.950000762939453,1338292
2022-10-11,28.600000381469727,590839
2022-10-12,28.149999618530273,308566
2022-10-13,28.549999237060547,349442
2022-10-14,28.100000381469727,252287
2022-10-17,28.200000762939453,573822
2022-10-18,28.950000762939453,920206
2022-10-19,28.75,209353
2022-10-20,28.350000381469727,164690
2022-10-21,28.350000381469727,303158
2022-10-24,28.799999237060547,140881
2022-10-25,28.600000381469727,121390
2022-10-27,27.600000381469727,533131
2022-10-28,27.600000381469727,351800
2022-10-31,27.549999237060547,212929
2022-11-01,27.200000762939453,234624
2022-11-02,27.799999237060547,476553
2022-11-03,28.0,138700
2022-11-04,28.700000762939453,431524
2022-11-07,28.5,1046408
2022-11-09,28.200000762939453,455850
2022-11-10,27.5,361414
2022-11-11,27.5,286889
2022-11-14,28.25,692357
2022-11-15,28.450000762939453,851735
2022-11-16,27.950000762939453,238329
2022-11-17,27.350000381469727,266328
2022-11-18,27.200000762939453,502693
2022-11-21,26.350000381469727,328515
2022-11-22,25.399999618530273,368705
2022-11-23,26.649999618530273,666175
2022-11-24,26.399999618530273,513598
2022-11-25,27.549999237060547,1250760
2022-11-28,27.549999237060547,690931
2022-11-29,27.549999237060547,514784
2022-11-30,27.600000381469727,296365
2022-12-01,28.149999618530273,1667173
2022-12-02,28.299999237060547,417227
2022-12-05,29.149999618530273,1439037
2022-12-06,29.5,672840
2022-12-07,29.049999237060547,479317
2022-12-08,30.149999618530273,1222214
2022-12-09,31.649999618530273,2615472
2022-12-12,30.299999237060547,1259342
2022-12-13,29.799999237060547,402183
2022-12-14,29.350000381469727,381642
2022-12-15,29.200000762939453,231485
2022-12-16,28.799999237060547,282419
2022-12-19,30.200000762939453,169952
2022-12-20,31.700000762939453,3233486
2022-12-21,30.600000381469727,1558941
2022-12-22,29.600000381469727,853457
2022-12-23,28.149999618530273,525831
2022-12-26,27.549999237060547,848248
2022-12-27,28.899999618530273,575517
2022-12-28,30.299999237060547,1195148
2022-12-29,31.200000762939453,5672859
2022-12-30,29.649999618530273,1711354
2023-01-02,29.950000762939453,693235
2023-01-03,29.399999618530273,471322
2023-01-04,28.149999618530273,752572
2023-01-05,28.850000381469727,555146
2023-01-06,29.0,385267
2023-01-09,29.0,233250
2023-01-10,28.950000762939453,284865
2023-01-11,29.0,697375
2023-01-12,28.149999618530273,473431
2023-01-13,27.799999237060547,730421
2023-01-16,27.25,414991
2023-01-17,27.0,508920
2023-01-18,26.850000381469727,479643
2023-01-19,27.700000762939453,731783
2023-01-20,27.350000381469727,674453
2023-01-23,28.700000762939453,2006668
2023-01-24,28.450000762939453,771306
2023-01-25,27.600000381469727,305801
2023-01-27,26.25,740778
2023-01-30,25.399999618530273,312259
2023-01-31,25.950000762939453,288253
2023-02-01,25.200000762939453,322632
2023-02-02,24.899999618530273,241901
2023-02-03,24.450000762939453,236839
2023-02-06,24.299999237060547,237893
2023-02-07,24.350000381469727,111654
2023-02-08,24.100000381469727,326766
2023-02-09,23.200000762939453,482978
2023-02-10,22.899999618530273,725037
2023-02-13,20.649999618530273,2264131
2023-02-14,18.600000381469727,2075503
2023-02-15,17.700000762939453,151479
2023-02-16,18.25,1462560
2023-02-17,19.149999618530273,745500
2023-02-20,19.799999237060547,840073
2023-02-21,18.950000762939453,533228
2023-02-22,18.950000762939453,541049
2023-02-23,19.850000381469727,561755
2023-02-24,19.600000381469727,123344
2023-02-27,19.100000381469727,244573
2023-02-28,19.149999618530273,225035
2023-03-01,19.0,106551
2023-03-02,19.0,367004
2023-03-03,18.700000762939453,215754
2023-03-06,18.899999618530273,117003
2023-03-08,18.700000762939453,139019
2023-03-09,18.899999618530273,116485
2023-03-10,18.299999237060547,651764
2023-03-13,17.399999618530273,322778
2023-03-14,16.899999618530273,525936
2023-03-15,16.950000762939453,340853
2023-03-16,17.149999618530273,261333
2023-03-17,17.100000381469727,83242
2023-03-20,16.899999618530273,308552
2023-03-21,17.049999237060547,321884
2023-03-22,17.899999618530273,463059
2023-03-23,18.350000381469727,299966
2023-03-24,19.25,320158
2023-03-27,18.350000381469727,180780
2023-03-28,17.450000762939453,102228
2023-03-29,17.049999237060547,283030
2023-03-31,16.899999618530273,149225
2023-04-03,17.700000762939453,99951
2023-04-05,17.899999618530273,58591
2023-04-06,17.950000762939453,307523
2023-04-10,18.149999618530273,43315
2023-04-11,18.850000381469727,160678
2023-04-12,19.350000381469727,211278
2023-04-13,18.950000762939453,101688
2023-04-17,19.850000381469727,199348
2023-04-18,20.799999237060547,196612
2023-04-19,21.5,466229
2023-04-20,20.5,171062
2023-04-21,20.149999618530273,239904
2023-04-24,20.549999237060547,127334
2023-04-25,20.299999237060547,187501
2023-04-26,20.100000381469727,106027
2023-04-27,20.75,89431
2023-04-28,20.149999618530273,72948
2023-05-02,20.049999237060547,95557
2023-05-03,21.049999237060547,160648
2023-05-04,22.0,319238
2023-05-05,21.600000381469727,181448
2023-05-08,21.5,186941
2023-05-09,20.899999618530273,117661
2023-05-10,21.850000381469727,509298
2023-05-11,21.100000381469727,457737
2023-05-12,20.649999618530273,87285
2023-05-15,21.200000762939453,354815
2023-05-16,21.600000381469727,637682
2023-05-17,20.950000762939453,228263
2023-05-18,20.600000381469727,200533
2023-05-19,20.600000381469727,178552
2023-05-22,20.399999618530273,114900
2023-05-23,20.299999237060547,172313
2023-05-24,20.100000381469727,172896
2023-05-25,20.100000381469727,500906
2023-05-26,20.450000762939453,134777
2023-05-29,20.25,99274
2023-05-30,19.899999618530273,148093
2023-05-31,19.200000762939453,407606
2023-06-01,19.399999618530273,203723
2023-06-02,19.200000762939453,173992
2023-06-05,19.200000762939453,198425
2023-06-06,18.899999618530273,241186
2023-06-07,19.600000381469727,1825717
2023-06-08,19.200000762939453,448231
2023-06-09,18.700000762939453,369835
2023-06-12,18.700000762939453,361165
2023-06-13,18.700000762939453,217335
2023-06-14,20.25,2869579
2023-06-15,22.25,6304395
2023-06-16,20.950000762939453,3867660
2023-06-19,19.350000381469727,1986728
2023-06-20,19.0,921063
2023-06-21,19.200000762939453,1317647
2023-06-22,19.950000762939453,1225078
2023-06-23,19.399999618530273,480457
2023-06-26,17.950000762939453,1707472
2023-06-27,18.149999618530273,855488
2023-06-28,18.149999618530273,0
2023-06-30,18.100000381469727,300319
2023-07-03,18.799999237060547,442820
2023-07-04,18.350000381469727,378447
2023-07-05,18.75,144554
2023-07-06,18.649999618530273,248096
2023-07-07,19.049999237060547,347674
2023-07-10,19.950000762939453,1613977
2023-07-11,20.5,2007421
2023-07-12,19.700000762939453,562932
2023-07-13,18.549999237060547,1532995
2023-07-14,19.25,3501129
2023-07-17,18.600000381469727,653105
2023-07-18,18.299999237060547,1148129
2023-07-19,18.450000762939453,413444
2023-07-20,18.299999237060547,474014
2023-07-21,18.399999618530273,529205
2023-07-24,18.399999618530273,472250
2023-07-25,18.399999618530273,579970
2023-07-26,18.5,584649
2023-07-27,18.899999618530273,776082
2023-07-28,18.799999237060547,1175070
2023-07-31,18.25,591395
2023-08-01,18.350000381469727,391875
2023-08-02,18.25,234795
2023-08-03,18.0,403672
2023-08-04,18.399999618530273,315969
2023-08-07,19.149999618530273,1503491
2023-08-08,18.950000762939453,196950
2023-08-09,18.75,320824
2023-08-10,19.200000762939453,657769
2023-08-11,19.149999618530273,278850
2023-08-14,19.149999618530273,201313
2023-08-16,19.600000381469727,1820462
2023-08-17,19.700000762939453,898433
2023-08-18,19.149999618530273,284386
2023-08-21,18.549999237060547,421633
2023-08-22,19.5,727844
2023-08-23,19.399999618530273,393795
2023-08-24,22.350000381469727,8078158
2023-08-25,22.0,3193205
2023-08-28,21.799999237060547,1063617
2023-08-29,21.399999618530273,417414
2023-08-30,24.350000381469727,4869169
2023-08-31,24.899999618530273,3100501
2023-09-01,24.799999237060547,2626557
2023-09-04,23.600000381469727,1102441
2023-09-05,23.0,1431651
